PARTE,TEMA Nº,,LEY/NORMA,ARTICULO,,
GENERAL,1,,Constitución Española de 1978,1,,
GENERAL,1,,Constitución Española de 1978,2,,
GENERAL,1,,Constitución Española de 1978,3,,
GENERAL,1,,Constitución Española de 1978,4,,
GENERAL,1,,Constitución Española de 1978,5,,
GENERAL,1,,Constitución Española de 1978,6,,
GENERAL,1,,Constitución Española de 1978,7,,
GENERAL,1,,Constitución Española de 1978,8,,
GENERAL,1,,Constitución Española de 1978,9,,
GENERAL,1,,Constitución Española de 1978,10,,
GENERAL,1,,Constitución Española de 1978,11,,
GENERAL,1,,Constitución Española de 1978,12,,
GENERAL,1,,Constitución Española de 1978,13,,
GENERAL,1,,Constitución Española de 1978,14,,
GENERAL,1,,Constitución Española de 1978,15,,
GENERAL,1,,Constitución Española de 1978,16,,
GENERAL,1,,Constitución Española de 1978,17,,
GENERAL,1,,Constitución Española de 1978,18,,
GENERAL,1,,Constitución Española de 1978,19,,
GENERAL,1,,Constitución Española de 1978,20,,
GENERAL,1,,Constitución Española de 1978,21,,
GENERAL,1,,Constitución Española de 1978,22,,
GENERAL,1,,Constitución Española de 1978,23,,
GENERAL,1,,Constitución Española de 1978,24,,
GENERAL,1,,Constitución Española de 1978,25,,
GENERAL,1,,Constitución Española de 1978,26,,
GENERAL,1,,Constitución Española de 1978,27,,
GENERAL,1,,Constitución Española de 1978,28,,
GENERAL,1,,Constitución Española de 1978,29,,
GENERAL,1,,Constitución Española de 1978,30,,
GENERAL,1,,Constitución Española de 1978,31,,
GENERAL,1,,Constitución Española de 1978,32,,
GENERAL,1,,Constitución Española de 1978,33,,
GENERAL,1,,Constitución Española de 1978,34,,
GENERAL,1,,Constitución Española de 1978,35,,
GENERAL,1,,Constitución Española de 1978,36,,
GENERAL,1,,Constitución Española de 1978,37,,
GENERAL,1,,Constitución Española de 1978,38,,
GENERAL,1,,Constitución Española de 1978,39,,
GENERAL,1,,Constitución Española de 1978,40,,
GENERAL,1,,Constitución Española de 1978,41,,
GENERAL,1,,Constitución Española de 1978,42,,
GENERAL,1,,Constitución Española de 1978,43,,
GENERAL,1,,Constitución Española de 1978,44,,
GENERAL,1,,Constitución Española de 1978,45,,
GENERAL,1,,Constitución Española de 1978,46,,
GENERAL,1,,Constitución Española de 1978,47,,
GENERAL,1,,Constitución Española de 1978,48,,
GENERAL,1,,Constitución Española de 1978,49,,
GENERAL,1,,Constitución Española de 1978,50,,
GENERAL,1,,Constitución Española de 1978,51,,
GENERAL,1,,Constitución Española de 1978,52,,
GENERAL,1,,Constitución Española de 1978,53,,
GENERAL,1,,Constitución Española de 1978,54,,
GENERAL,1,,Constitución Española de 1978,55,,
GENERAL,1,,Constitución Española de 1978,56,,
GENERAL,1,,Constitución Española de 1978,57,,
GENERAL,1,,Constitución Española de 1978,58,,
GENERAL,1,,Constitución Española de 1978,59,,
GENERAL,1,,Constitución Española de 1978,60,,
GENERAL,1,,Constitución Española de 1978,61,,
GENERAL,1,,Constitución Española de 1978,62,,
GENERAL,1,,Constitución Española de 1978,63,,
GENERAL,1,,Constitución Española de 1978,64,,
GENERAL,1,,Constitución Española de 1978,65,,
GENERAL,1,,Constitución Española de 1978,66,,
GENERAL,1,,Constitución Española de 1978,67,,
GENERAL,1,,Constitución Española de 1978,68,,
GENERAL,1,,Constitución Española de 1978,69,,
GENERAL,1,,Constitución Española de 1978,70,,
GENERAL,1,,Constitución Española de 1978,71,,
GENERAL,1,,Constitución Española de 1978,72,,
GENERAL,1,,Constitución Española de 1978,73,,
GENERAL,1,,Constitución Española de 1978,74,,
GENERAL,1,,Constitución Española de 1978,75,,
GENERAL,1,,Constitución Española de 1978,76,,
GENERAL,1,,Constitución Española de 1978,77,,
GENERAL,1,,Constitución Española de 1978,78,,
GENERAL,1,,Constitución Española de 1978,79,,
GENERAL,1,,Constitución Española de 1978,80,,
GENERAL,1,,Constitución Española de 1978,81,,
GENERAL,1,,Constitución Española de 1978,82,,
GENERAL,1,,Constitución Española de 1978,83,,
GENERAL,1,,Constitución Española de 1978,84,,
GENERAL,1,,Constitución Española de 1978,85,,
GENERAL,1,,Constitución Española de 1978,86,,
GENERAL,1,,Constitución Española de 1978,87,,
GENERAL,1,,Constitución Española de 1978,88,,
GENERAL,1,,Constitución Española de 1978,89,,
GENERAL,1,,Constitución Española de 1978,90,,
GENERAL,1,,Constitución Española de 1978,91,,
GENERAL,1,,Constitución Española de 1978,92,,
GENERAL,1,,Constitución Española de 1978,93,,
GENERAL,1,,Constitución Española de 1978,94,,
GENERAL,1,,Constitución Española de 1978,95,,
GENERAL,1,,Constitución Española de 1978,96,,
GENERAL,1,,Constitución Española de 1978,166,,
GENERAL,1,,Constitución Española de 1978,167,,
GENERAL,1,,Constitución Española de 1978,168,,
GENERAL,1,,Constitución Española de 1978,169,,
GENERAL,2,,Constitución Española de 1978,97,,
GENERAL,2,,Constitución Española de 1978,98,,
GENERAL,2,,Constitución Española de 1978,99,,
GENERAL,2,,Constitución Española de 1978,100,,
GENERAL,2,,Constitución Española de 1978,101,,
GENERAL,2,,Constitución Española de 1978,102,,
GENERAL,2,,Constitución Española de 1978,103,,
GENERAL,2,,Constitución Española de 1978,104,,
GENERAL,2,,Constitución Española de 1978,105,,
GENERAL,2,,Constitución Española de 1978,106,,
GENERAL,2,,Constitución Española de 1978,107,,
GENERAL,2,,Constitución Española de 1978,108,,
GENERAL,2,,Constitución Española de 1978,109,,
GENERAL,2,,Constitución Española de 1978,110,,
GENERAL,2,,Constitución Española de 1978,111,,
GENERAL,2,,Constitución Española de 1978,112,,
GENERAL,2,,Constitución Española de 1978,113,,
GENERAL,2,,Constitución Española de 1978,114,,
GENERAL,2,,Constitución Española de 1978,115,,
GENERAL,2,,Constitución Española de 1978,116,,
GENERAL,2,,Ley 50/1997, de 27 de noviembre, del Gobierno,1
GENERAL,2,,Ley 50/1997, de 27 de noviembre, del Gobierno,2
GENERAL,2,,Ley 50/1997, de 27 de noviembre, del Gobierno,3
GENERAL,2,,Ley 50/1997, de 27 de noviembre, del Gobierno,4
GENERAL,2,,Ley 50/1997, de 27 de noviembre, del Gobierno,5
GENERAL,2,,Ley 50/1997, de 27 de noviembre, del Gobierno,6
GENERAL,2,,Ley 50/1997, de 27 de noviembre, del Gobierno,7
GENERAL,2,,Ley 50/1997, de 27 de noviembre, del Gobierno,8
GENERAL,2,,Ley 50/1997, de 27 de noviembre, del Gobierno,9
GENERAL,2,,Ley 50/1997, de 27 de noviembre, del Gobierno,10
GENERAL,2,,Ley 50/1997, de 27 de noviembre, del Gobierno,11
GENERAL,2,,Ley 50/1997, de 27 de noviembre, del Gobierno,12
GENERAL,2,,Ley 50/1997, de 27 de noviembre, del Gobierno,13
GENERAL,2,,Ley 50/1997, de 27 de noviembre, del Gobierno,14
GENERAL,2,,Ley 50/1997, de 27 de noviembre, del Gobierno,15
GENERAL,2,,Ley 50/1997, de 27 de noviembre, del Gobierno,16
GENERAL,2,,Ley 50/1997, de 27 de noviembre, del Gobierno,17
GENERAL,2,,Ley 50/1997, de 27 de noviembre, del Gobierno,18
GENERAL,2,,Ley 50/1997, de 27 de noviembre, del Gobierno,19
GENERAL,2,,Ley 50/1997, de 27 de noviembre, del Gobierno,20
GENERAL,2,,Ley 50/1997, de 27 de noviembre, del Gobierno,21
GENERAL,3,,Constitución Española de 1978,97,,
GENERAL,3,,Constitución Española de 1978,103,,
GENERAL,3,,Constitución Española de 1978,106,,
GENERAL,3,,Constitución Española de 1978,128,,
GENERAL,3,,Constitución Española de 1978,129,,
GENERAL,3,,Constitución Española de 1978,130,,
GENERAL,3,,Constitución Española de 1978,131,,
GENERAL,3,,Constitución Española de 1978,132,,
GENERAL,3,,Constitución Española de 1978,133,,
GENERAL,3,,Constitución Española de 1978,134,,
GENERAL,3,,Constitución Española de 1978,135,,
GENERAL,3,,Constitución Española de 1978,136,,
GENERAL,3,,Ley 40/2015, de 1 de octubre, de Régimen Jurídico del Sector Público,54
GENERAL,3,,Ley 40/2015, de 1 de octubre, de Régimen Jurídico del Sector Público,55
GENERAL,3,,Ley 40/2015, de 1 de octubre, de Régimen Jurídico del Sector Público,56
GENERAL,3,,Ley 40/2015, de 1 de octubre, de Régimen Jurídico del Sector Público,57
GENERAL,3,,Ley 40/2015, de 1 de octubre, de Régimen Jurídico del Sector Público,58
GENERAL,3,,Ley 40/2015, de 1 de octubre, de Régimen Jurídico del Sector Público,59
GENERAL,3,,Ley 40/2015, de 1 de octubre, de Régimen Jurídico del Sector Público,60
GENERAL,3,,Ley 40/2015, de 1 de octubre, de Régimen Jurídico del Sector Público,61
GENERAL,3,,Ley 40/2015, de 1 de octubre, de Régimen Jurídico del Sector Público,62
GENERAL,3,,Ley 40/2015, de 1 de octubre, de Régimen Jurídico del Sector Público,63
GENERAL,3,,Ley 40/2015, de 1 de octubre, de Régimen Jurídico del Sector Público,64
GENERAL,3,,Ley 40/2015, de 1 de octubre, de Régimen Jurídico del Sector Público,65
GENERAL,3,,Ley 40/2015, de 1 de octubre, de Régimen Jurídico del Sector Público,66
GENERAL,3,,Ley 40/2015, de 1 de octubre, de Régimen Jurídico del Sector Público,67
GENERAL,3,,Ley 40/2015, de 1 de octubre, de Régimen Jurídico del Sector Público,68
GENERAL,3,,Ley 40/2015, de 1 de octubre, de Régimen Jurídico del Sector Público,69
GENERAL,3,,Ley 40/2015, de 1 de octubre, de Régimen Jurídico del Sector Público,70
GENERAL,3,,Ley 40/2015, de 1 de octubre, de Régimen Jurídico del Sector Público,71
GENERAL,3,,Ley 40/2015, de 1 de octubre, de Régimen Jurídico del Sector Público,72
GENERAL,3,,Ley 40/2015, de 1 de octubre, de Régimen Jurídico del Sector Público,73
GENERAL,3,,Ley 40/2015, de 1 de octubre, de Régimen Jurídico del Sector Público,74
GENERAL,3,,Ley 40/2015, de 1 de octubre, de Régimen Jurídico del Sector Público,75
GENERAL,3,,Ley 40/2015, de 1 de octubre, de Régimen Jurídico del Sector Público,76
GENERAL,3,,Ley 40/2015, de 1 de octubre, de Régimen Jurídico del Sector Público,77
GENERAL,3,,Ley 40/2015, de 1 de octubre, de Régimen Jurídico del Sector Público,78
GENERAL,3,,Ley 40/2015, de 1 de octubre, de Régimen Jurídico del Sector Público,79
GENERAL,3,,Ley 40/2015, de 1 de octubre, de Régimen Jurídico del Sector Público,80
GENERAL,4,,Constitución Española de 1978,54,,
GENERAL,4,,Constitución Española de 1978,117,,
GENERAL,4,,Constitución Española de 1978,118,,
GENERAL,4,,Constitución Española de 1978,119,,
GENERAL,4,,Constitución Española de 1978,120,,
GENERAL,4,,Constitución Española de 1978,121,,
GENERAL,4,,Constitución Española de 1978,122,,
GENERAL,4,,Constitución Española de 1978,123,,
GENERAL,4,,Constitución Española de 1978,124,,
GENERAL,4,,Constitución Española de 1978,125,,
GENERAL,4,,Constitución Española de 1978,126,,
GENERAL,4,,Constitución Española de 1978,127,,
GENERAL,4,,Constitución Española de 1978,159,,
GENERAL,4,,Constitución Española de 1978,160,,
GENERAL,4,,Constitución Española de 1978,161,,
GENERAL,4,,Constitución Española de 1978,162,,
GENERAL,4,,Constitución Española de 1978,163,,
GENERAL,4,,Constitución Española de 1978,164,,
GENERAL,4,,Constitución Española de 1978,165,,
GENERAL,4,,Ley Orgánica 6/1985, de 1 de julio, del Poder Judicial,558
GENERAL,4,,Ley Orgánica 6/1985, de 1 de julio, del Poder Judicial,560
GENERAL,4,,Ley Orgánica 6/1985, de 1 de julio, del Poder Judicial,563
GENERAL,4,,Ley Orgánica 6/1985, de 1 de julio, del Poder Judicial,566
GENERAL,4,,Ley Orgánica 6/1985, de 1 de julio, del Poder Judicial,567
GENERAL,4,,Ley Orgánica 6/1985, de 1 de julio, del Poder Judicial,568
GENERAL,4,,Ley Orgánica 6/1985, de 1 de julio, del Poder Judicial,569
GENERAL,4,,Ley Orgánica 6/1985, de 1 de julio, del Poder Judicial,570
GENERAL,4,,Ley Orgánica 2/1979, de 3 de octubre, del Tribunal Constitucional,1
GENERAL,4,,Ley Orgánica 2/1979, de 3 de octubre, del Tribunal Constitucional,2
GENERAL,4,,Ley Orgánica 2/1979, de 3 de octubre, del Tribunal Constitucional,3
GENERAL,4,,Ley Orgánica 2/1979, de 3 de octubre, del Tribunal Constitucional,4
GENERAL,4,,Ley Orgánica 2/1979, de 3 de octubre, del Tribunal Constitucional,5
GENERAL,4,,Ley Orgánica 2/1979, de 3 de octubre, del Tribunal Constitucional,6
GENERAL,4,,Ley Orgánica 2/1979, de 3 de octubre, del Tribunal Constitucional,7
GENERAL,4,,Ley Orgánica 2/1979, de 3 de octubre, del Tribunal Constitucional,8
GENERAL,4,,Ley Orgánica 2/1979, de 3 de octubre, del Tribunal Constitucional,9
GENERAL,4,,Ley Orgánica 2/1979, de 3 de octubre, del Tribunal Constitucional,10
GENERAL,4,,Ley Orgánica 2/1979, de 3 de octubre, del Tribunal Constitucional,11
GENERAL,4,,Ley Orgánica 2/1979, de 3 de octubre, del Tribunal Constitucional,12
GENERAL,4,,Ley Orgánica 2/1979, de 3 de octubre, del Tribunal Constitucional,13
GENERAL,4,,Ley Orgánica 2/1979, de 3 de octubre, del Tribunal Constitucional,14
GENERAL,4,,Ley Orgánica 2/1979, de 3 de octubre, del Tribunal Constitucional,15
GENERAL,4,,Ley Orgánica 3/1981, de 6 de abril, del Defensor del Pueblo,1
GENERAL,4,,Ley Orgánica 3/1981, de 6 de abril, del Defensor del Pueblo,2
GENERAL,4,,Ley Orgánica 3/1981, de 6 de abril, del Defensor del Pueblo,9
GENERAL,4,,Ley Orgánica 3/1981, de 6 de abril, del Defensor del Pueblo,10
GENERAL,4,,Ley Orgánica 3/1981, de 6 de abril, del Defensor del Pueblo,11
GENERAL,4,,Ley Orgánica 3/1981, de 6 de abril, del Defensor del Pueblo,12
GENERAL,4,,Ley Orgánica 3/1981, de 6 de abril, del Defensor del Pueblo,13
GENERAL,4,,Ley Orgánica 3/1981, de 6 de abril, del Defensor del Pueblo,14
GENERAL,4,,Ley Orgánica 3/1981, de 6 de abril, del Defensor del Pueblo,15
GENERAL,4,,Ley Orgánica 3/1981, de 6 de abril, del Defensor del Pueblo,16
GENERAL,4,,Ley Orgánica 3/1981, de 6 de abril, del Defensor del Pueblo,17
GENERAL,4,,Ley Orgánica 3/1981, de 6 de abril, del Defensor del Pueblo,18
GENERAL,4,,Ley Orgánica 3/1981, de 6 de abril, del Defensor del Pueblo,19
GENERAL,4,,Ley Orgánica 3/1981, de 6 de abril, del Defensor del Pueblo,20
GENERAL,4,,Ley Orgánica 3/1981, de 6 de abril, del Defensor del Pueblo,21
GENERAL,4,,Ley Orgánica 3/1981, de 6 de abril, del Defensor del Pueblo,22
GENERAL,4,,Ley Orgánica 3/1981, de 6 de abril, del Defensor del Pueblo,23
GENERAL,4,,Ley Orgánica 3/1981, de 6 de abril, del Defensor del Pueblo,24
GENERAL,4,,Ley Orgánica 3/1981, de 6 de abril, del Defensor del Pueblo,25
GENERAL,4,,Ley Orgánica 3/1981, de 6 de abril, del Defensor del Pueblo,26
GENERAL,4,,Ley Orgánica 3/1981, de 6 de abril, del Defensor del Pueblo,27
GENERAL,4,,Ley Orgánica 3/1981, de 6 de abril, del Defensor del Pueblo,28
GENERAL,4,,Ley Orgánica 3/1981, de 6 de abril, del Defensor del Pueblo,29
GENERAL,4,,Ley Orgánica 3/1981, de 6 de abril, del Defensor del Pueblo,30
GENERAL,4,,Ley Orgánica 3/1981, de 6 de abril, del Defensor del Pueblo,31
GENERAL,4,,Ley Orgánica 3/1981, de 6 de abril, del Defensor del Pueblo,32
GENERAL,4,,Ley Orgánica 3/1981, de 6 de abril, del Defensor del Pueblo,33
GENERAL,5,,Constitución Española de 1978,137,,
GENERAL,5,,Constitución Española de 1978,138,,
GENERAL,5,,Constitución Española de 1978,139,,
GENERAL,5,,Constitución Española de 1978,140,,
GENERAL,5,,Constitución Española de 1978,141,,
GENERAL,5,,Constitución Española de 1978,142,,
GENERAL,5,,Constitución Española de 1978,143,,
GENERAL,5,,Constitución Española de 1978,144,,
GENERAL,5,,Constitución Española de 1978,145,,
GENERAL,5,,Constitución Española de 1978,146,,
GENERAL,5,,Constitución Española de 1978,147,,
GENERAL,5,,Constitución Española de 1978,148,,
GENERAL,5,,Constitución Española de 1978,149,,
GENERAL,5,,Constitución Española de 1978,150,,
GENERAL,5,,Constitución Española de 1978,151,,
GENERAL,5,,Constitución Española de 1978,152,,
GENERAL,5,,Constitución Española de 1978,153,,
GENERAL,5,,Constitución Española de 1978,154,,
GENERAL,5,,Constitución Española de 1978,155,,
GENERAL,5,,Constitución Española de 1978,156,,
GENERAL,5,,Constitución Española de 1978,157,,
GENERAL,5,,Constitución Española de 1978,158,,
