parte,tema,titulo,LEY,articulo,tipo,tema_no_juridico
GENERAL,1,Constitucion Española 1978,Constitucion Española,1,JURIDICO,
GENERAL,1,Constitucion Española 1978,Constitucion Española,2,JURIDICO,
GENERAL,1,Constitucion Española 1978,Constitucion Española,3,JURIDICO,
GENERAL,1,Constitucion Española 1978,Constitucion Española,4,JURIDICO,
GENERAL,1,Constitucion Española 1978,Constitucion Española,5,JURIDICO,
GENERAL,1,Constitucion Española 1978,Constitucion Española,6,JURIDICO,
GENERAL,1,Constitucion Española 1978,Constitucion Española,7,JURIDICO,
GENERAL,1,Constitucion Española 1978,Constitucion Española,8,JURIDICO,
GENERAL,1,Constitucion Española 1978,Constitucion Española,9,JURIDICO,
GENERAL,1,Constitucion Española 1978,Constitucion Española,10,JURIDICO,
GENERAL,1,Constitucion Española 1978,Constitucion Española,11,JURIDICO,
GENERAL,1,Constitucion Española 1978,Constitucion Española,12,JURIDICO,
GENERAL,1,Constitucion Española 1978,Constitucion Española,13,JURIDICO,
GENERAL,1,Constitucion Española 1978,Constitucion Española,14,JURIDICO,
GENERAL,1,Constitucion Española 1978,Constitucion Española,15,JURIDICO,
GENERAL,1,Constitucion Española 1978,Constitucion Española,16,JURIDICO,
GENERAL,1,Constitucion Española 1978,Constitucion Española,17,JURIDICO,
GENERAL,1,Constitucion Española 1978,Constitucion Española,18,JURIDICO,
GENERAL,1,Constitucion Española 1978,Constitucion Española,19,JURIDICO,
GENERAL,1,Constitucion Española 1978,Constitucion Española,20,JURIDICO,
GENERAL,1,Constitucion Española 1978,Constitucion Española,21,JURIDICO,
GENERAL,1,Constitucion Española 1978,Constitucion Española,22,JURIDICO,
GENERAL,1,Constitucion Española 1978,Constitucion Española,23,JURIDICO,
GENERAL,1,Constitucion Española 1978,Constitucion Española,24,JURIDICO,
GENERAL,1,Constitucion Española 1978,Constitucion Española,25,JURIDICO,
GENERAL,1,Constitucion Española 1978,Constitucion Española,26,JURIDICO,
GENERAL,1,Constitucion Española 1978,Constitucion Española,27,JURIDICO,
GENERAL,1,Constitucion Española 1978,Constitucion Española,28,JURIDICO,
GENERAL,1,Constitucion Española 1978,Constitucion Española,29,JURIDICO,
GENERAL,1,Constitucion Española 1978,Constitucion Española,30,JURIDICO,
GENERAL,1,Constitucion Española 1978,Constitucion Española,31,JURIDICO,
GENERAL,1,Constitucion Española 1978,Constitucion Española,32,JURIDICO,
GENERAL,1,Constitucion Española 1978,Constitucion Española,33,JURIDICO,
GENERAL,1,Constitucion Española 1978,Constitucion Española,34,JURIDICO,
GENERAL,1,Constitucion Española 1978,Constitucion Española,35,JURIDICO,
GENERAL,1,Constitucion Española 1978,Constitucion Española,36,JURIDICO,
GENERAL,1,Constitucion Española 1978,Constitucion Española,37,JURIDICO,
GENERAL,1,Constitucion Española 1978,Constitucion Española,38,JURIDICO,
GENERAL,1,Constitucion Española 1978,Constitucion Española,39,JURIDICO,
GENERAL,1,Constitucion Española 1978,Constitucion Española,40,JURIDICO,
GENERAL,1,Constitucion Española 1978,Constitucion Española,41,JURIDICO,
GENERAL,1,Constitucion Española 1978,Constitucion Española,42,JURIDICO,
GENERAL,1,Constitucion Española 1978,Constitucion Española,43,JURIDICO,
GENERAL,1,Constitucion Española 1978,Constitucion Española,44,JURIDICO,
GENERAL,1,Constitucion Española 1978,Constitucion Española,45,JURIDICO,
GENERAL,1,Constitucion Española 1978,Constitucion Española,46,JURIDICO,
GENERAL,1,Constitucion Española 1978,Constitucion Española,47,JURIDICO,
GENERAL,1,Constitucion Española 1978,Constitucion Española,48,JURIDICO,
GENERAL,1,Constitucion Española 1978,Constitucion Española,49,JURIDICO,
GENERAL,1,Constitucion Española 1978,Constitucion Española,50,JURIDICO,
GENERAL,1,Constitucion Española 1978,Constitucion Española,51,JURIDICO,
GENERAL,1,Constitucion Española 1978,Constitucion Española,52,JURIDICO,
GENERAL,1,Constitucion Española 1978,Constitucion Española,53,JURIDICO,
GENERAL,1,Constitucion Española 1978,Constitucion Española,54,JURIDICO,
GENERAL,1,Constitucion Española 1978,Constitucion Española,55,JURIDICO,
GENERAL,1,Constitucion Española 1978,Constitucion Española,137,JURIDICO,
GENERAL,1,Constitucion Española 1978,Constitucion Española,138,JURIDICO,
GENERAL,1,Constitucion Española 1978,Constitucion Española,139,JURIDICO,
GENERAL,1,Constitucion Española 1978,Constitucion Española,140,JURIDICO,
GENERAL,1,Constitucion Española 1978,Constitucion Española,141,JURIDICO,
GENERAL,1,Constitucion Española 1978,Constitucion Española,142,JURIDICO,
GENERAL,1,Constitucion Española 1978,Constitucion Española,143,JURIDICO,
GENERAL,1,Constitucion Española 1978,Constitucion Española,144,JURIDICO,
GENERAL,1,Constitucion Española 1978,Constitucion Española,145,JURIDICO,
GENERAL,1,Constitucion Española 1978,Constitucion Española,146,JURIDICO,
GENERAL,1,Constitucion Española 1978,Constitucion Española,147,JURIDICO,
GENERAL,1,Constitucion Española 1978,Constitucion Española,148,JURIDICO,
GENERAL,1,Constitucion Española 1978,Constitucion Española,149,JURIDICO,
GENERAL,1,Constitucion Española 1978,Constitucion Española,150,JURIDICO,
GENERAL,1,Constitucion Española 1978,Constitucion Española,151,JURIDICO,
GENERAL,1,Constitucion Española 1978,Constitucion Española,152,JURIDICO,
GENERAL,1,Constitucion Española 1978,Constitucion Española,153,JURIDICO,
GENERAL,1,Constitucion Española 1978,Constitucion Española,154,JURIDICO,
GENERAL,1,Constitucion Española 1978,Constitucion Española,155,JURIDICO,
GENERAL,1,Constitucion Española 1978,Constitucion Española,156,JURIDICO,
GENERAL,1,Constitucion Española 1978,Constitucion Española,157,JURIDICO,
GENERAL,1,Constitucion Española 1978,Constitucion Española,158,JURIDICO,
GENERAL,2,Constitucion Española 1978,Constitucion Española,56,JURIDICO,
GENERAL,2,Constitucion Española 1978,Constitucion Española,57,JURIDICO,
GENERAL,2,Constitucion Española 1978,Constitucion Española,58,JURIDICO,
GENERAL,2,Constitucion Española 1978,Constitucion Española,59,JURIDICO,
GENERAL,2,Constitucion Española 1978,Constitucion Española,60,JURIDICO,
GENERAL,2,Constitucion Española 1978,Constitucion Española,61,JURIDICO,
GENERAL,2,Constitucion Española 1978,Constitucion Española,62,JURIDICO,
GENERAL,2,Constitucion Española 1978,Constitucion Española,63,JURIDICO,
GENERAL,2,Constitucion Española 1978,Constitucion Española,64,JURIDICO,
GENERAL,2,Constitucion Española 1978,Constitucion Española,65,JURIDICO,
GENERAL,2,Constitucion Española 1978,Constitucion Española,66,JURIDICO,
GENERAL,2,Constitucion Española 1978,Constitucion Española,67,JURIDICO,
GENERAL,2,Constitucion Española 1978,Constitucion Española,68,JURIDICO,
GENERAL,2,Constitucion Española 1978,Constitucion Española,69,JURIDICO,
GENERAL,2,Constitucion Española 1978,Constitucion Española,70,JURIDICO,
GENERAL,2,Constitucion Española 1978,Constitucion Española,71,JURIDICO,
GENERAL,2,Constitucion Española 1978,Constitucion Española,72,JURIDICO,
GENERAL,2,Constitucion Española 1978,Constitucion Española,73,JURIDICO,
GENERAL,2,Constitucion Española 1978,Constitucion Española,74,JURIDICO,
GENERAL,2,Constitucion Española 1978,Constitucion Española,75,JURIDICO,
GENERAL,2,Constitucion Española 1978,Constitucion Española,76,JURIDICO,
GENERAL,2,Constitucion Española 1978,Constitucion Española,77,JURIDICO,
GENERAL,2,Constitucion Española 1978,Constitucion Española,78,JURIDICO,
GENERAL,2,Constitucion Española 1978,Constitucion Española,79,JURIDICO,
GENERAL,2,Constitucion Española 1978,Constitucion Española,80,JURIDICO,
GENERAL,2,Constitucion Española 1978,Constitucion Española,81,JURIDICO,
GENERAL,2,Constitucion Española 1978,Constitucion Española,82,JURIDICO,
GENERAL,2,Constitucion Española 1978,Constitucion Española,83,JURIDICO,
GENERAL,2,Constitucion Española 1978,Constitucion Española,84,JURIDICO,
GENERAL,2,Constitucion Española 1978,Constitucion Española,85,JURIDICO,
GENERAL,2,Constitucion Española 1978,Constitucion Española,86,JURIDICO,
GENERAL,2,Constitucion Española 1978,Constitucion Española,87,JURIDICO,
GENERAL,2,Constitucion Española 1978,Constitucion Española,88,JURIDICO,
GENERAL,2,Constitucion Española 1978,Constitucion Española,89,JURIDICO,
GENERAL,2,Constitucion Española 1978,Constitucion Española,90,JURIDICO,
GENERAL,2,Constitucion Española 1978,Constitucion Española,91,JURIDICO,
GENERAL,2,Constitucion Española 1978,Constitucion Española,92,JURIDICO,
GENERAL,3,Constitucion Española 1978,Constitucion Española,97,JURIDICO,
GENERAL,3,Constitucion Española 1978,Constitucion Española,98,JURIDICO,
GENERAL,3,Constitucion Española 1978,Constitucion Española,99,JURIDICO,
GENERAL,3,Constitucion Española 1978,Constitucion Española,100,JURIDICO,
GENERAL,3,Constitucion Española 1978,Constitucion Española,101,JURIDICO,
GENERAL,3,Constitucion Española 1978,Constitucion Española,102,JURIDICO,
GENERAL,3,Constitucion Española 1978,Constitucion Española,103,JURIDICO,
GENERAL,3,Constitucion Española 1978,Constitucion Española,104,JURIDICO,
GENERAL,3,Constitucion Española 1978,Constitucion Española,105,JURIDICO,
GENERAL,3,Constitucion Española 1978,Constitucion Española,106,JURIDICO,
GENERAL,3,Constitucion Española 1978,Constitucion Española,107,JURIDICO,
GENERAL,3,Constitucion Española 1978,Constitucion Española,108,JURIDICO,
GENERAL,3,Constitucion Española 1978,Constitucion Española,109,JURIDICO,
GENERAL,3,Constitucion Española 1978,Constitucion Española,110,JURIDICO,
GENERAL,3,Constitucion Española 1978,Constitucion Española,111,JURIDICO,
GENERAL,3,Constitucion Española 1978,Constitucion Española,112,JURIDICO,
GENERAL,3,Constitucion Española 1978,Constitucion Española,113,JURIDICO,
GENERAL,3,Constitucion Española 1978,Constitucion Española,114,JURIDICO,
GENERAL,3,Constitucion Española 1978,Constitucion Española,115,JURIDICO,
GENERAL,3,Constitucion Española 1978,Constitucion Española,116,JURIDICO,
GENERAL,3,Constitucion Española 1978,Constitucion Española,117,JURIDICO,
GENERAL,3,Constitucion Española 1978,Constitucion Española,118,JURIDICO,
GENERAL,3,Constitucion Española 1978,Constitucion Española,119,JURIDICO,
GENERAL,3,Constitucion Española 1978,Constitucion Española,120,JURIDICO,
GENERAL,3,Constitucion Española 1978,Constitucion Española,121,JURIDICO,
GENERAL,3,Constitucion Española 1978,Constitucion Española,122,JURIDICO,
GENERAL,3,Constitucion Española 1978,Constitucion Española,123,JURIDICO,
GENERAL,3,Constitucion Española 1978,Constitucion Española,124,JURIDICO,
GENERAL,3,Constitucion Española 1978,Constitucion Española,125,JURIDICO,
GENERAL,3,Constitucion Española 1978,Constitucion Española,126,JURIDICO,
GENERAL,3,Constitucion Española 1978,Constitucion Española,127,JURIDICO,
GENERAL,4,Estatuto de autonomia de la Comunitat Valenciana,"Ley Organica 5/1982, de 1 de julio",1,JURIDICO,
GENERAL,4,Estatuto de autonomia de la Comunitat Valenciana,"Ley Organica 5/1982, de 1 de julio",2,JURIDICO,
GENERAL,4,Estatuto de autonomia de la Comunitat Valenciana,"Ley Organica 5/1982, de 1 de julio",3,JURIDICO,
GENERAL,4,Estatuto de autonomia de la Comunitat Valenciana,"Ley Organica 5/1982, de 1 de julio",4,JURIDICO,
GENERAL,4,Estatuto de autonomia de la Comunitat Valenciana,"Ley Organica 5/1982, de 1 de julio",5,JURIDICO,
GENERAL,4,Estatuto de autonomia de la Comunitat Valenciana,"Ley Organica 5/1982, de 1 de julio",6,JURIDICO,
GENERAL,4,Estatuto de autonomia de la Comunitat Valenciana,"Ley Organica 5/1982, de 1 de julio",7,JURIDICO,
GENERAL,4,Estatuto de autonomia de la Comunitat Valenciana,"Ley Organica 5/1982, de 1 de julio",8,JURIDICO,
GENERAL,4,Estatuto de autonomia de la Comunitat Valenciana,"Ley Organica 5/1982, de 1 de julio",9,JURIDICO,
GENERAL,4,Estatuto de autonomia de la Comunitat Valenciana,"Ley Organica 5/1982, de 1 de julio",10,JURIDICO,
GENERAL,4,Estatuto de autonomia de la Comunitat Valenciana,"Ley Organica 5/1982, de 1 de julio",11,JURIDICO,
GENERAL,4,Estatuto de autonomia de la Comunitat Valenciana,"Ley Organica 5/1982, de 1 de julio",12,JURIDICO,
GENERAL,4,Estatuto de autonomia de la Comunitat Valenciana,"Ley Organica 5/1982, de 1 de julio",13,JURIDICO,
GENERAL,4,Estatuto de autonomia de la Comunitat Valenciana,"Ley Organica 5/1982, de 1 de julio",14,JURIDICO,
GENERAL,4,Estatuto de autonomia de la Comunitat Valenciana,"Ley Organica 5/1982, de 1 de julio",15,JURIDICO,
GENERAL,4,Estatuto de autonomia de la Comunitat Valenciana,"Ley Organica 5/1982, de 1 de julio",16,JURIDICO,
GENERAL,4,Estatuto de autonomia de la Comunitat Valenciana,"Ley Organica 5/1982, de 1 de julio",17,JURIDICO,
GENERAL,4,Estatuto de autonomia de la Comunitat Valenciana,"Ley Organica 5/1982, de 1 de julio",18,JURIDICO,
GENERAL,4,Estatuto de autonomia de la Comunitat Valenciana,"Ley Organica 5/1982, de 1 de julio",19,JURIDICO,
GENERAL,4,Estatuto de autonomia de la Comunitat Valenciana,"Ley Organica 5/1982, de 1 de julio",20,JURIDICO,
GENERAL,4,Estatuto de autonomia de la Comunitat Valenciana,"Ley Organica 5/1982, de 1 de julio",21,JURIDICO,
GENERAL,4,Estatuto de autonomia de la Comunitat Valenciana,"Ley Organica 5/1982, de 1 de julio",22,JURIDICO,
GENERAL,4,Estatuto de autonomia de la Comunitat Valenciana,"Ley Organica 5/1982, de 1 de julio",23,JURIDICO,
GENERAL,4,Estatuto de autonomia de la Comunitat Valenciana,"Ley Organica 5/1982, de 1 de julio",24,JURIDICO,
GENERAL,4,Estatuto de autonomia de la Comunitat Valenciana,"Ley Organica 5/1982, de 1 de julio",25,JURIDICO,
GENERAL,4,Estatuto de autonomia de la Comunitat Valenciana,"Ley Organica 5/1982, de 1 de julio",26,JURIDICO,
GENERAL,4,Estatuto de autonomia de la Comunitat Valenciana,"Ley Organica 5/1982, de 1 de julio",27,JURIDICO,
GENERAL,4,Estatuto de autonomia de la Comunitat Valenciana,"Ley Organica 5/1982, de 1 de julio",28,JURIDICO,
GENERAL,4,Estatuto de autonomia de la Comunitat Valenciana,"Ley Organica 5/1982, de 1 de julio",29,JURIDICO,
GENERAL,4,Estatuto de autonomia de la Comunitat Valenciana,"Ley Organica 5/1982, de 1 de julio",30,JURIDICO,
GENERAL,4,Estatuto de autonomia de la Comunitat Valenciana,"Ley Organica 5/1982, de 1 de julio",31,JURIDICO,
GENERAL,4,Estatuto de autonomia de la Comunitat Valenciana,"Ley Organica 5/1982, de 1 de julio",32,JURIDICO,
GENERAL,4,Estatuto de autonomia de la Comunitat Valenciana,"Ley Organica 5/1982, de 1 de julio",33,JURIDICO,
GENERAL,4,Estatuto de autonomia de la Comunitat Valenciana,"Ley Organica 5/1982, de 1 de julio",34,JURIDICO,
GENERAL,4,Estatuto de autonomia de la Comunitat Valenciana,"Ley Organica 5/1982, de 1 de julio",35,JURIDICO,
GENERAL,4,Estatuto de autonomia de la Comunitat Valenciana,"Ley Organica 5/1982, de 1 de julio",36,JURIDICO,
GENERAL,4,Estatuto de autonomia de la Comunitat Valenciana,"Ley Organica 5/1982, de 1 de julio",37,JURIDICO,
GENERAL,4,Estatuto de autonomia de la Comunitat Valenciana,"Ley Organica 5/1982, de 1 de julio",38,JURIDICO,
GENERAL,4,Estatuto de autonomia de la Comunitat Valenciana,"Ley Organica 5/1982, de 1 de julio",39,JURIDICO,
GENERAL,4,Estatuto de autonomia de la Comunitat Valenciana,"Ley Organica 5/1982, de 1 de julio",40,JURIDICO,
GENERAL,4,Estatuto de autonomia de la Comunitat Valenciana,"Ley Organica 5/1982, de 1 de julio",41,JURIDICO,
GENERAL,4,Estatuto de autonomia de la Comunitat Valenciana,"Ley Organica 5/1982, de 1 de julio",42,JURIDICO,
GENERAL,4,Estatuto de autonomia de la Comunitat Valenciana,"Ley Organica 5/1982, de 1 de julio",43,JURIDICO,
GENERAL,4,Estatuto de autonomia de la Comunitat Valenciana,"Ley Organica 5/1982, de 1 de julio",44,JURIDICO,
GENERAL,4,Estatuto de autonomia de la Comunitat Valenciana,"Ley Organica 5/1982, de 1 de julio",45,JURIDICO,
GENERAL,4,Estatuto de autonomia de la Comunitat Valenciana,"Ley Organica 5/1982, de 1 de julio",46,JURIDICO,
GENERAL,4,Estatuto de autonomia de la Comunitat Valenciana,"Ley Organica 5/1982, de 1 de julio",47,JURIDICO,
GENERAL,4,Estatuto de autonomia de la Comunitat Valenciana,"Ley Organica 5/1982, de 1 de julio",48,JURIDICO,
GENERAL,4,Estatuto de autonomia de la Comunitat Valenciana,"Ley Organica 5/1982, de 1 de julio",49,JURIDICO,
GENERAL,4,Estatuto de autonomia de la Comunitat Valenciana,"Ley Organica 5/1982, de 1 de julio",50,JURIDICO,
GENERAL,4,Estatuto de autonomia de la Comunitat Valenciana,"Ley Organica 5/1982, de 1 de julio",51,JURIDICO,
GENERAL,4,Estatuto de autonomia de la Comunitat Valenciana,"Ley Organica 5/1982, de 1 de julio",52,JURIDICO,
GENERAL,4,Estatuto de autonomia de la Comunitat Valenciana,"Ley Organica 5/1982, de 1 de julio",53,JURIDICO,
GENERAL,4,Estatuto de autonomia de la Comunitat Valenciana,"Ley Organica 5/1982, de 1 de julio",54,JURIDICO,
GENERAL,4,Estatuto de autonomia de la Comunitat Valenciana,"Ley Organica 5/1982, de 1 de julio",55,JURIDICO,
GENERAL,4,Estatuto de autonomia de la Comunitat Valenciana,"Ley Organica 5/1982, de 1 de julio",56,JURIDICO,
GENERAL,4,Estatuto de autonomia de la Comunitat Valenciana,"Ley Organica 5/1982, de 1 de julio",57,JURIDICO,
GENERAL,4,Estatuto de autonomia de la Comunitat Valenciana,"Ley Organica 5/1982, de 1 de julio",58,JURIDICO,
GENERAL,5,"La Ley 5/1983, de 30 de diciembre, del Consell","Ley 5/1983, de 30 de diciembre",1,JURIDICO,
GENERAL,5,"La Ley 5/1983, de 30 de diciembre, del Consell","Ley 5/1983, de 30 de diciembre",2,JURIDICO,
GENERAL,5,"La Ley 5/1983, de 30 de diciembre, del Consell","Ley 5/1983, de 30 de diciembre",3,JURIDICO,
GENERAL,5,"La Ley 5/1983, de 30 de diciembre, del Consell","Ley 5/1983, de 30 de diciembre",4,JURIDICO,
GENERAL,5,"La Ley 5/1983, de 30 de diciembre, del Consell","Ley 5/1983, de 30 de diciembre",5,JURIDICO,
GENERAL,5,"La Ley 5/1983, de 30 de diciembre, del Consell","Ley 5/1983, de 30 de diciembre",6,JURIDICO,
GENERAL,5,"La Ley 5/1983, de 30 de diciembre, del Consell","Ley 5/1983, de 30 de diciembre",7,JURIDICO,
GENERAL,5,"La Ley 5/1983, de 30 de diciembre, del Consell","Ley 5/1983, de 30 de diciembre",8,JURIDICO,
GENERAL,5,"La Ley 5/1983, de 30 de diciembre, del Consell","Ley 5/1983, de 30 de diciembre",9,JURIDICO,
GENERAL,5,"La Ley 5/1983, de 30 de diciembre, del Consell","Ley 5/1983, de 30 de diciembre",10,JURIDICO,
GENERAL,5,"La Ley 5/1983, de 30 de diciembre, del Consell","Ley 5/1983, de 30 de diciembre",11,JURIDICO,
GENERAL,5,"La Ley 5/1983, de 30 de diciembre, del Consell","Ley 5/1983, de 30 de diciembre",12,JURIDICO,
GENERAL,5,"La Ley 5/1983, de 30 de diciembre, del Consell","Ley 5/1983, de 30 de diciembre",13,JURIDICO,
GENERAL,5,"La Ley 5/1983, de 30 de diciembre, del Consell","Ley 5/1983, de 30 de diciembre",14,JURIDICO,
GENERAL,5,"La Ley 5/1983, de 30 de diciembre, del Consell","Ley 5/1983, de 30 de diciembre",15,JURIDICO,
GENERAL,5,"La Ley 5/1983, de 30 de diciembre, del Consell","Ley 5/1983, de 30 de diciembre",16,JURIDICO,
GENERAL,5,"La Ley 5/1983, de 30 de diciembre, del Consell","Ley 5/1983, de 30 de diciembre",17,JURIDICO,
GENERAL,5,"La Ley 5/1983, de 30 de diciembre, del Consell","Ley 5/1983, de 30 de diciembre",18,JURIDICO,
GENERAL,5,"La Ley 5/1983, de 30 de diciembre, del Consell","Ley 5/1983, de 30 de diciembre",19,JURIDICO,
GENERAL,5,"La Ley 5/1983, de 30 de diciembre, del Consell","Ley 5/1983, de 30 de diciembre",20,JURIDICO,
GENERAL,5,"La Ley 5/1983, de 30 de diciembre, del Consell","Ley 5/1983, de 30 de diciembre",21,JURIDICO,
GENERAL,5,"La Ley 5/1983, de 30 de diciembre, del Consell","Ley 5/1983, de 30 de diciembre",22,JURIDICO,
GENERAL,5,"La Ley 5/1983, de 30 de diciembre, del Consell","Ley 5/1983, de 30 de diciembre",23,JURIDICO,
GENERAL,5,"La Ley 5/1983, de 30 de diciembre, del Consell","Ley 5/1983, de 30 de diciembre",24,JURIDICO,
GENERAL,5,"La Ley 5/1983, de 30 de diciembre, del Consell","Ley 5/1983, de 30 de diciembre",25,JURIDICO,
GENERAL,5,"La Ley 5/1983, de 30 de diciembre, del Consell","Ley 5/1983, de 30 de diciembre",26,JURIDICO,
GENERAL,5,"La Ley 5/1983, de 30 de diciembre, del Consell","Ley 5/1983, de 30 de diciembre",27,JURIDICO,
GENERAL,5,"La Ley 5/1983, de 30 de diciembre, del Consell","Ley 5/1983, de 30 de diciembre",28,JURIDICO,
GENERAL,5,"La Ley 5/1983, de 30 de diciembre, del Consell","Ley 5/1983, de 30 de diciembre",29,JURIDICO,
GENERAL,5,"La Ley 5/1983, de 30 de diciembre, del Consell","Ley 5/1983, de 30 de diciembre",30,JURIDICO,
GENERAL,5,"La Ley 5/1983, de 30 de diciembre, del Consell","Ley 5/1983, de 30 de diciembre",31,JURIDICO,
GENERAL,5,"La Ley 5/1983, de 30 de diciembre, del Consell","Ley 5/1983, de 30 de diciembre",32,JURIDICO,
GENERAL,5,"La Ley 5/1983, de 30 de diciembre, del Consell","Ley 5/1983, de 30 de diciembre",33,JURIDICO,
GENERAL,5,"La Ley 5/1983, de 30 de diciembre, del Consell","Ley 5/1983, de 30 de diciembre",34,JURIDICO,
GENERAL,5,"La Ley 5/1983, de 30 de diciembre, del Consell","Ley 5/1983, de 30 de diciembre",35,JURIDICO,
GENERAL,5,"La Ley 5/1983, de 30 de diciembre, del Consell","Ley 5/1983, de 30 de diciembre",36,JURIDICO,
GENERAL,5,"La Ley 5/1983, de 30 de diciembre, del Consell","Ley 5/1983, de 30 de diciembre",37,JURIDICO,
GENERAL,5,"La Ley 5/1983, de 30 de diciembre, del Consell","Ley 5/1983, de 30 de diciembre",38,JURIDICO,
GENERAL,5,"La Ley 5/1983, de 30 de diciembre, del Consell","Ley 5/1983, de 30 de diciembre",39,JURIDICO,
GENERAL,5,"La Ley 5/1983, de 30 de diciembre, del Consell","Ley 5/1983, de 30 de diciembre",40,JURIDICO,
GENERAL,5,"La Ley 5/1983, de 30 de diciembre, del Consell","Ley 5/1983, de 30 de diciembre",41,JURIDICO,
GENERAL,5,"La Ley 5/1983, de 30 de diciembre, del Consell","Ley 5/1983, de 30 de diciembre",42,JURIDICO,
GENERAL,5,"La Ley 5/1983, de 30 de diciembre, del Consell","Ley 5/1983, de 30 de diciembre",43,JURIDICO,
GENERAL,6,"La Ley 5/1983, de 30 de diciembre, del Consell","Ley 5/1983, de 30 de diciembre",44,JURIDICO,
GENERAL,6,"La Ley 5/1983, de 30 de diciembre, del Consell","Ley 5/1983, de 30 de diciembre",45,JURIDICO,
GENERAL,6,"La Ley 5/1983, de 30 de diciembre, del Consell","Ley 5/1983, de 30 de diciembre",46,JURIDICO,
GENERAL,6,"La Ley 5/1983, de 30 de diciembre, del Consell","Ley 5/1983, de 30 de diciembre",47,JURIDICO,
GENERAL,6,"La Ley 5/1983, de 30 de diciembre, del Consell","Ley 5/1983, de 30 de diciembre",48,JURIDICO,
GENERAL,6,"La Ley 5/1983, de 30 de diciembre, del Consell","Ley 5/1983, de 30 de diciembre",49,JURIDICO,
GENERAL,6,"La Ley 5/1983, de 30 de diciembre, del Consell","Ley 5/1983, de 30 de diciembre",50,JURIDICO,
GENERAL,6,"La Ley 5/1983, de 30 de diciembre, del Consell","Ley 5/1983, de 30 de diciembre",51,JURIDICO,
GENERAL,6,"La Ley 5/1983, de 30 de diciembre, del Consell","Ley 5/1983, de 30 de diciembre",52,JURIDICO,
GENERAL,6,"La Ley 5/1983, de 30 de diciembre, del Consell","Ley 5/1983, de 30 de diciembre",53,JURIDICO,
GENERAL,6,"La Ley 5/1983, de 30 de diciembre, del Consell","Ley 5/1983, de 30 de diciembre",54,JURIDICO,
GENERAL,6,"La Ley 5/1983, de 30 de diciembre, del Consell","Ley 5/1983, de 30 de diciembre",55,JURIDICO,
GENERAL,6,"La Ley 5/1983, de 30 de diciembre, del Consell","Ley 5/1983, de 30 de diciembre",56,JURIDICO,
GENERAL,6,"La Ley 5/1983, de 30 de diciembre, del Consell","Ley 5/1983, de 30 de diciembre",57,JURIDICO,
GENERAL,6,"La Ley 5/1983, de 30 de diciembre, del Consell","Ley 5/1983, de 30 de diciembre",58,JURIDICO,
GENERAL,6,"La Ley 5/1983, de 30 de diciembre, del Consell","Ley 5/1983, de 30 de diciembre",59,JURIDICO,
GENERAL,6,"La Ley 5/1983, de 30 de diciembre, del Consell","Ley 5/1983, de 30 de diciembre",60,JURIDICO,
GENERAL,6,"La Ley 5/1983, de 30 de diciembre, del Consell","Ley 5/1983, de 30 de diciembre",61,JURIDICO,
GENERAL,6,"La Ley 5/1983, de 30 de diciembre, del Consell","Ley 5/1983, de 30 de diciembre",62,JURIDICO,
GENERAL,6,"La Ley 5/1983, de 30 de diciembre, del Consell","Ley 5/1983, de 30 de diciembre",63,JURIDICO,
GENERAL,6,"La Ley 5/1983, de 30 de diciembre, del Consell","Ley 5/1983, de 30 de diciembre",64,JURIDICO,
GENERAL,6,"La Ley 5/1983, de 30 de diciembre, del Consell","Ley 5/1983, de 30 de diciembre",65,JURIDICO,
GENERAL,6,"La Ley 5/1983, de 30 de diciembre, del Consell","Ley 5/1983, de 30 de diciembre",66,JURIDICO,
GENERAL,6,"La Ley 5/1983, de 30 de diciembre, del Consell","Ley 5/1983, de 30 de diciembre",67,JURIDICO,
GENERAL,6,"La Ley 5/1983, de 30 de diciembre, del Consell","Ley 5/1983, de 30 de diciembre",68,JURIDICO,
GENERAL,6,"La Ley 5/1983, de 30 de diciembre, del Consell","Ley 5/1983, de 30 de diciembre",69,JURIDICO,
GENERAL,6,"La Ley 5/1983, de 30 de diciembre, del Consell","Ley 5/1983, de 30 de diciembre",70,JURIDICO,
GENERAL,6,"La Ley 5/1983, de 30 de diciembre, del Consell","Ley 5/1983, de 30 de diciembre",71,JURIDICO,
GENERAL,6,"La Ley 5/1983, de 30 de diciembre, del Consell","Ley 5/1983, de 30 de diciembre",72,JURIDICO,
GENERAL,6,"La Ley 5/1983, de 30 de diciembre, del Consell","Ley 5/1983, de 30 de diciembre",73,JURIDICO,
GENERAL,6,"La Ley 5/1983, de 30 de diciembre, del Consell","Ley 5/1983, de 30 de diciembre",74,JURIDICO,
GENERAL,6,"La Ley 5/1983, de 30 de diciembre, del Consell","Ley 5/1983, de 30 de diciembre",75,JURIDICO,
GENERAL,6,"La Ley 5/1983, de 30 de diciembre, del Consell","Ley 5/1983, de 30 de diciembre",76,JURIDICO,
GENERAL,6,"La Ley 5/1983, de 30 de diciembre, del Consell","Ley 5/1983, de 30 de diciembre",77,JURIDICO,
GENERAL,6,"La Ley 5/1983, de 30 de diciembre, del Consell","Ley 5/1983, de 30 de diciembre",78,JURIDICO,
GENERAL,6,"La Ley 5/1983, de 30 de diciembre, del Consell","Ley 5/1983, de 30 de diciembre",79,JURIDICO,
GENERAL,7,La Unión Europea. El Tratado de la Unión Europea y el Tratado de Funcionamiento de la Unión Europea.,TUE,1,JURIDICO,
GENERAL,7,La Unión Europea. El Tratado de la Unión Europea y el Tratado de Funcionamiento de la Unión Europea.,TUE,2,JURIDICO,
GENERAL,7,La Unión Europea. El Tratado de la Unión Europea y el Tratado de Funcionamiento de la Unión Europea.,TUE,3,JURIDICO,
GENERAL,7,La Unión Europea. El Tratado de la Unión Europea y el Tratado de Funcionamiento de la Unión Europea.,TUE,4,JURIDICO,
GENERAL,7,La Unión Europea. El Tratado de la Unión Europea y el Tratado de Funcionamiento de la Unión Europea.,TUE,5,JURIDICO,
GENERAL,7,La Unión Europea. El Tratado de la Unión Europea y el Tratado de Funcionamiento de la Unión Europea.,TUE,6,JURIDICO,
GENERAL,7,La Unión Europea. El Tratado de la Unión Europea y el Tratado de Funcionamiento de la Unión Europea.,TUE,7,JURIDICO,
GENERAL,7,La Unión Europea. El Tratado de la Unión Europea y el Tratado de Funcionamiento de la Unión Europea.,TUE,8,JURIDICO,
GENERAL,7,La Unión Europea. El Tratado de la Unión Europea y el Tratado de Funcionamiento de la Unión Europea.,TFUE,288,JURIDICO,
GENERAL,7,La Unión Europea. El Tratado de la Unión Europea y el Tratado de Funcionamiento de la Unión Europea.,TFUE,289,JURIDICO,
GENERAL,7,La Unión Europea. El Tratado de la Unión Europea y el Tratado de Funcionamiento de la Unión Europea.,TFUE,290,JURIDICO,
GENERAL,7,La Unión Europea. El Tratado de la Unión Europea y el Tratado de Funcionamiento de la Unión Europea.,TFUE,291,JURIDICO,
GENERAL,7,La Unión Europea. El Tratado de la Unión Europea y el Tratado de Funcionamiento de la Unión Europea.,TFUE,292,JURIDICO,
GENERAL,7,La Unión Europea. El Tratado de la Unión Europea y el Tratado de Funcionamiento de la Unión Europea.,TFUE,293,JURIDICO,
GENERAL,7,La Unión Europea. El Tratado de la Unión Europea y el Tratado de Funcionamiento de la Unión Europea.,TFUE,294,JURIDICO,
GENERAL,7,La Unión Europea. El Tratado de la Unión Europea y el Tratado de Funcionamiento de la Unión Europea.,TFUE,295,JURIDICO,
GENERAL,7,La Unión Europea. El Tratado de la Unión Europea y el Tratado de Funcionamiento de la Unión Europea.,TFUE,296,JURIDICO,
GENERAL,7,La Unión Europea. El Tratado de la Unión Europea y el Tratado de Funcionamiento de la Unión Europea.,TFUE,297,JURIDICO,
GENERAL,7,La Unión Europea. El Tratado de la Unión Europea y el Tratado de Funcionamiento de la Unión Europea.,TFUE,298,JURIDICO,
GENERAL,7,La Unión Europea. El Tratado de la Unión Europea y el Tratado de Funcionamiento de la Unión Europea.,TFUE,299,JURIDICO,
GENERAL,8,Igualdad efectiva entre hombres y mujeres,"Ley Organica 3/2007, de 22 de marzo",1,JURIDICO,
GENERAL,8,Igualdad efectiva entre hombres y mujeres,"Ley Organica 3/2007, de 22 de marzo",2,JURIDICO,
GENERAL,8,Igualdad efectiva entre hombres y mujeres,"Ley Organica 3/2007, de 22 de marzo",3,JURIDICO,
GENERAL,8,Igualdad efectiva entre hombres y mujeres,"Ley Organica 3/2007, de 22 de marzo",4,JURIDICO,
GENERAL,8,Igualdad efectiva entre hombres y mujeres,"Ley Organica 3/2007, de 22 de marzo",5,JURIDICO,
GENERAL,8,Igualdad efectiva entre hombres y mujeres,"Ley Organica 3/2007, de 22 de marzo",6,JURIDICO,
GENERAL,8,Igualdad efectiva entre hombres y mujeres,"Ley Organica 3/2007, de 22 de marzo",7,JURIDICO,
GENERAL,8,Igualdad efectiva entre hombres y mujeres,"Ley Organica 3/2007, de 22 de marzo",8,JURIDICO,
GENERAL,8,Igualdad efectiva entre hombres y mujeres,"Ley Organica 3/2007, de 22 de marzo",9,JURIDICO,
GENERAL,8,Igualdad efectiva entre hombres y mujeres,"Ley Organica 3/2007, de 22 de marzo",10,JURIDICO,
GENERAL,8,Igualdad efectiva entre hombres y mujeres,"Ley Organica 3/2007, de 22 de marzo",11,JURIDICO,
GENERAL,8,Igualdad efectiva entre hombres y mujeres,"Ley Organica 3/2007, de 22 de marzo",12,JURIDICO,
GENERAL,8,Igualdad efectiva entre hombres y mujeres,"Ley Organica 3/2007, de 22 de marzo",13,JURIDICO,
GENERAL,8,Igualdad efectiva entre hombres y mujeres,"Ley 9/2003, de 2 de abril",1,JURIDICO,
GENERAL,8,Igualdad efectiva entre hombres y mujeres,"Ley 9/2003, de 2 de abril",2,JURIDICO,
GENERAL,8,Igualdad efectiva entre hombres y mujeres,"Ley 9/2003, de 2 de abril",3,JURIDICO,
GENERAL,8,Igualdad efectiva entre hombres y mujeres,"Ley 9/2003, de 2 de abril",4,JURIDICO,
GENERAL,8,Igualdad efectiva entre hombres y mujeres,"Ley 9/2003, de 2 de abril",4 bis,JURIDICO,
GENERAL,8,Igualdad efectiva entre hombres y mujeres,"Ley 9/2003, de 2 de abril",5,JURIDICO,
GENERAL,8,Igualdad efectiva entre hombres y mujeres,"Ley 9/2003, de 2 de abril",6,JURIDICO,
GENERAL,8,Igualdad efectiva entre hombres y mujeres,"Ley 9/2003, de 2 de abril",7,JURIDICO,
GENERAL,8,Igualdad efectiva entre hombres y mujeres,"Ley 9/2003, de 2 de abril",8,JURIDICO,
GENERAL,8,Igualdad efectiva entre hombres y mujeres,"Ley 9/2003, de 2 de abril",9,JURIDICO,
GENERAL,8,Igualdad efectiva entre hombres y mujeres,"Ley 9/2003, de 2 de abril",10,JURIDICO,
GENERAL,8,Igualdad efectiva entre hombres y mujeres,"Ley 9/2003, de 2 de abril",11,JURIDICO,
GENERAL,8,Igualdad efectiva entre hombres y mujeres,"Ley 9/2003, de 2 de abril",12,JURIDICO,
GENERAL,8,Igualdad efectiva entre hombres y mujeres,"Ley 9/2003, de 2 de abril",13,JURIDICO,
GENERAL,8,Igualdad efectiva entre hombres y mujeres,"Ley 9/2003, de 2 de abril",14,JURIDICO,
GENERAL,8,Igualdad efectiva entre hombres y mujeres,"Ley 9/2003, de 2 de abril",15,JURIDICO,
GENERAL,8,Igualdad efectiva entre hombres y mujeres,"Ley 9/2003, de 2 de abril",16,JURIDICO,
GENERAL,8,Igualdad efectiva entre hombres y mujeres,"Ley 9/2003, de 2 de abril",17,JURIDICO,
GENERAL,8,Igualdad efectiva entre hombres y mujeres,"Ley 9/2003, de 2 de abril",18,JURIDICO,
GENERAL,8,Igualdad efectiva entre hombres y mujeres,"Ley 9/2003, de 2 de abril",19,JURIDICO,
GENERAL,8,Igualdad efectiva entre hombres y mujeres,"Ley 9/2003, de 2 de abril",20,JURIDICO,
GENERAL,8,Igualdad efectiva entre hombres y mujeres,"Ley 9/2003, de 2 de abril",21,JURIDICO,
GENERAL,8,Igualdad efectiva entre hombres y mujeres,"Ley 9/2003, de 2 de abril",22,JURIDICO,
GENERAL,8,Igualdad efectiva entre hombres y mujeres,"Ley 9/2003, de 2 de abril",23,JURIDICO,
GENERAL,8,Igualdad efectiva entre hombres y mujeres,"Ley 9/2003, de 2 de abril",24,JURIDICO,
GENERAL,8,Igualdad efectiva entre hombres y mujeres,"Ley 9/2003, de 2 de abril",25,JURIDICO,
GENERAL,8,Igualdad efectiva entre hombres y mujeres,"Ley 9/2003, de 2 de abril",26,JURIDICO,
GENERAL,8,Igualdad efectiva entre hombres y mujeres,"Ley 9/2003, de 2 de abril",27,JURIDICO,
GENERAL,8,Igualdad efectiva entre hombres y mujeres,"Ley 9/2003, de 2 de abril",28,JURIDICO,
GENERAL,8,Igualdad efectiva entre hombres y mujeres,"Ley 9/2003, de 2 de abril",29,JURIDICO,
GENERAL,8,Igualdad efectiva entre hombres y mujeres,"Ley 9/2003, de 2 de abril",30,JURIDICO,
GENERAL,8,Igualdad efectiva entre hombres y mujeres,"Ley 9/2003, de 2 de abril",31,JURIDICO,
GENERAL,8,Igualdad efectiva entre hombres y mujeres,"Ley 9/2003, de 2 de abril",32,JURIDICO,
GENERAL,8,Igualdad efectiva entre hombres y mujeres,"Ley 9/2003, de 2 de abril",33,JURIDICO,
GENERAL,8,Igualdad efectiva entre hombres y mujeres,"Ley 9/2003, de 2 de abril",34,JURIDICO,
GENERAL,8,Igualdad efectiva entre hombres y mujeres,"Ley 9/2003, de 2 de abril",35,JURIDICO,
GENERAL,8,Igualdad efectiva entre hombres y mujeres,"Ley 9/2003, de 2 de abril",36,JURIDICO,
GENERAL,8,Igualdad efectiva entre hombres y mujeres,"Ley 9/2003, de 2 de abril",37,JURIDICO,
GENERAL,8,Igualdad efectiva entre hombres y mujeres,"Ley 9/2003, de 2 de abril",38,JURIDICO,
GENERAL,8,Igualdad efectiva entre hombres y mujeres,"Ley 9/2003, de 2 de abril",39,JURIDICO,
GENERAL,8,Igualdad efectiva entre hombres y mujeres,"Ley 9/2003, de 2 de abril",40,JURIDICO,
GENERAL,8,Igualdad efectiva entre hombres y mujeres,"Ley 9/2003, de 2 de abril",41,JURIDICO,
GENERAL,8,Igualdad efectiva entre hombres y mujeres,"Ley 9/2003, de 2 de abril",42,JURIDICO,
GENERAL,8,Igualdad efectiva entre hombres y mujeres,"Ley 9/2003, de 2 de abril",43,JURIDICO,
GENERAL,8,Igualdad efectiva entre hombres y mujeres,"Ley 9/2003, de 2 de abril",44,JURIDICO,
GENERAL,8,Igualdad efectiva entre hombres y mujeres,"Ley 9/2003, de 2 de abril",45,JURIDICO,
GENERAL,8,Igualdad efectiva entre hombres y mujeres,"Ley 9/2003, de 2 de abril",46,JURIDICO,
GENERAL,8,Igualdad efectiva entre hombres y mujeres,"Ley 9/2003, de 2 de abril",47,JURIDICO,
GENERAL,8,Igualdad efectiva entre hombres y mujeres,"Ley 9/2003, de 2 de abril",48,JURIDICO,
GENERAL,8,Igualdad efectiva entre hombres y mujeres,"Ley 9/2003, de 2 de abril",49,JURIDICO,
GENERAL,8,Igualdad efectiva entre hombres y mujeres,"Ley 9/2003, de 2 de abril",50,JURIDICO,
GENERAL,8,Igualdad efectiva entre hombres y mujeres,"Ley 9/2003, de 2 de abril",51,JURIDICO,
GENERAL,8,Igualdad efectiva entre hombres y mujeres,"Ley 4/2023, de 28 de febrero",4,JURIDICO,
GENERAL,8,Igualdad efectiva entre hombres y mujeres,"Ley 4/2023, de 28 de febrero",11,JURIDICO,
GENERAL,8,Igualdad efectiva entre hombres y mujeres,"Ley 4/2023, de 28 de febrero",12,JURIDICO,
GENERAL,8,Igualdad efectiva entre hombres y mujeres,"Ley 4/2023, de 28 de febrero",13,JURIDICO,
GENERAL,8,Igualdad efectiva entre hombres y mujeres,Ley Orgánica 1/2004,1,JURIDICO,
GENERAL,8,Igualdad efectiva entre hombres y mujeres,Ley Orgánica 1/2004,2,JURIDICO,
GENERAL,9,Transparencia y Proteccion de datos,"Ley 19/2013, de 9 de diciembre",12,JURIDICO,
GENERAL,9,Transparencia y Proteccion de datos,"Ley 19/2013, de 9 de diciembre",13,JURIDICO,
GENERAL,9,Transparencia y Proteccion de datos,"Ley 19/2013, de 9 de diciembre",14,JURIDICO,
GENERAL,9,Transparencia y Proteccion de datos,"Ley 19/2013, de 9 de diciembre",15,JURIDICO,
GENERAL,9,Transparencia y Proteccion de datos,"Ley 19/2013, de 9 de diciembre",16,JURIDICO,
GENERAL,9,Transparencia y Proteccion de datos,"Ley 19/2013, de 9 de diciembre",17,JURIDICO,
GENERAL,9,Transparencia y Proteccion de datos,"Ley 19/2013, de 9 de diciembre",18,JURIDICO,
GENERAL,9,Transparencia y Proteccion de datos,"Ley 19/2013, de 9 de diciembre",19,JURIDICO,
GENERAL,9,Transparencia y Proteccion de datos,"Ley 19/2013, de 9 de diciembre",20,JURIDICO,
GENERAL,9,Transparencia y Proteccion de datos,"Ley 19/2013, de 9 de diciembre",21,JURIDICO,
GENERAL,9,Transparencia y Proteccion de datos,"Ley 19/2013, de 9 de diciembre",22,JURIDICO,
GENERAL,9,Transparencia y Proteccion de datos,"Ley 19/2013, de 9 de diciembre",23,JURIDICO,
GENERAL,9,Transparencia y Proteccion de datos,"Ley 19/2013, de 9 de diciembre",24,JURIDICO,
GENERAL,9,Transparencia y Proteccion de datos,"Ley orgánica 3/2018, de 5 de diciembre",1,JURIDICO,
GENERAL,9,Transparencia y Proteccion de datos,"Ley orgánica 3/2018, de 5 de diciembre",2,JURIDICO,
GENERAL,9,Transparencia y Proteccion de datos,"Ley orgánica 3/2018, de 5 de diciembre",3,JURIDICO,
GENERAL,9,Transparencia y Proteccion de datos,"Ley orgánica 3/2018, de 5 de diciembre",4,JURIDICO,
GENERAL,9,Transparencia y Proteccion de datos,"Ley orgánica 3/2018, de 5 de diciembre",5,JURIDICO,
GENERAL,9,Transparencia y Proteccion de datos,"Ley orgánica 3/2018, de 5 de diciembre",6,JURIDICO,
GENERAL,9,Transparencia y Proteccion de datos,"Ley orgánica 3/2018, de 5 de diciembre",7,JURIDICO,
GENERAL,9,Transparencia y Proteccion de datos,"Ley orgánica 3/2018, de 5 de diciembre",8,JURIDICO,
GENERAL,9,Transparencia y Proteccion de datos,"Ley orgánica 3/2018, de 5 de diciembre",9,JURIDICO,
GENERAL,9,Transparencia y Proteccion de datos,"Ley orgánica 3/2018, de 5 de diciembre",10,JURIDICO,
GENERAL,9,Transparencia y Proteccion de datos,"Ley orgánica 3/2018, de 5 de diciembre",11,JURIDICO,
GENERAL,9,Transparencia y Proteccion de datos,"Ley orgánica 3/2018, de 5 de diciembre",12,JURIDICO,
GENERAL,9,Transparencia y Proteccion de datos,"Ley orgánica 3/2018, de 5 de diciembre",13,JURIDICO,
GENERAL,9,Transparencia y Proteccion de datos,"Ley orgánica 3/2018, de 5 de diciembre",14,JURIDICO,
GENERAL,9,Transparencia y Proteccion de datos,"Ley orgánica 3/2018, de 5 de diciembre",15,JURIDICO,
GENERAL,9,Transparencia y Proteccion de datos,"Ley orgánica 3/2018, de 5 de diciembre",16,JURIDICO,
GENERAL,9,Transparencia y Proteccion de datos,"Ley orgánica 3/2018, de 5 de diciembre",17,JURIDICO,
GENERAL,9,Transparencia y Proteccion de datos,"Ley orgánica 3/2018, de 5 de diciembre",18,JURIDICO,
GENERAL,10,Riesgos Laborales,"Ley 31/1995, de 8 de noviembre",1,JURIDICO,
GENERAL,10,Riesgos Laborales,"Ley 31/1995, de 8 de noviembre",2,JURIDICO,
GENERAL,10,Riesgos Laborales,"Ley 31/1995, de 8 de noviembre",3,JURIDICO,
GENERAL,10,Riesgos Laborales,"Ley 31/1995, de 8 de noviembre",4,JURIDICO,
GENERAL,10,Riesgos Laborales,"Ley 31/1995, de 8 de noviembre",14,JURIDICO,
GENERAL,10,Riesgos Laborales,"Ley 31/1995, de 8 de noviembre",15,JURIDICO,
GENERAL,10,Riesgos Laborales,"Ley 31/1995, de 8 de noviembre",16,JURIDICO,
GENERAL,10,Riesgos Laborales,"Ley 31/1995, de 8 de noviembre",17,JURIDICO,
GENERAL,10,Riesgos Laborales,"Ley 31/1995, de 8 de noviembre",18,JURIDICO,
GENERAL,10,Riesgos Laborales,"Ley 31/1995, de 8 de noviembre",19,JURIDICO,
GENERAL,10,Riesgos Laborales,"Ley 31/1995, de 8 de noviembre",20,JURIDICO,
GENERAL,10,Riesgos Laborales,"Ley 31/1995, de 8 de noviembre",21,JURIDICO,
GENERAL,10,Riesgos Laborales,"Ley 31/1995, de 8 de noviembre",22,JURIDICO,
GENERAL,10,Riesgos Laborales,"Ley 31/1995, de 8 de noviembre",23,JURIDICO,
GENERAL,10,Riesgos Laborales,"Ley 31/1995, de 8 de noviembre",24,JURIDICO,
GENERAL,10,Riesgos Laborales,"Ley 31/1995, de 8 de noviembre",25,JURIDICO,
GENERAL,10,Riesgos Laborales,"Ley 31/1995, de 8 de noviembre",26,JURIDICO,
GENERAL,10,Riesgos Laborales,"Ley 31/1995, de 8 de noviembre",27,JURIDICO,
GENERAL,10,Riesgos Laborales,"Ley 31/1995, de 8 de noviembre",28,JURIDICO,
GENERAL,10,Riesgos Laborales,"Ley 31/1995, de 8 de noviembre",29,JURIDICO,
ESPECIAL,1,Procedimiento Administrativo común de las administraciones públicas I,"Ley 39/2015, de 1 de octubre",1,JURIDICO,
ESPECIAL,1,Procedimiento Administrativo común de las administraciones públicas I,"Ley 39/2015, de 1 de octubre",2,JURIDICO,
ESPECIAL,1,Procedimiento Administrativo común de las administraciones públicas I,"Ley 39/2015, de 1 de octubre",3,JURIDICO,
ESPECIAL,1,Procedimiento Administrativo común de las administraciones públicas I,"Ley 39/2015, de 1 de octubre",4,JURIDICO,
ESPECIAL,1,Procedimiento Administrativo común de las administraciones públicas I,"Ley 39/2015, de 1 de octubre",5,JURIDICO,
ESPECIAL,1,Procedimiento Administrativo común de las administraciones públicas I,"Ley 39/2015, de 1 de octubre",6,JURIDICO,
ESPECIAL,1,Procedimiento Administrativo común de las administraciones públicas I,"Ley 39/2015, de 1 de octubre",7,JURIDICO,
ESPECIAL,1,Procedimiento Administrativo común de las administraciones públicas I,"Ley 39/2015, de 1 de octubre",8,JURIDICO,
ESPECIAL,1,Procedimiento Administrativo común de las administraciones públicas I,"Ley 39/2015, de 1 de octubre",9,JURIDICO,
ESPECIAL,1,Procedimiento Administrativo común de las administraciones públicas I,"Ley 39/2015, de 1 de octubre",10,JURIDICO,
ESPECIAL,1,Procedimiento Administrativo común de las administraciones públicas I,"Ley 39/2015, de 1 de octubre",11,JURIDICO,
ESPECIAL,1,Procedimiento Administrativo común de las administraciones públicas I,"Ley 39/2015, de 1 de octubre",12,JURIDICO,
ESPECIAL,1,Procedimiento Administrativo común de las administraciones públicas I,"Ley 39/2015, de 1 de octubre",13,JURIDICO,
ESPECIAL,1,Procedimiento Administrativo común de las administraciones públicas I,"Ley 39/2015, de 1 de octubre",14,JURIDICO,
ESPECIAL,1,Procedimiento Administrativo común de las administraciones públicas I,"Ley 39/2015, de 1 de octubre",15,JURIDICO,
ESPECIAL,1,Procedimiento Administrativo común de las administraciones públicas I,"Ley 39/2015, de 1 de octubre",16,JURIDICO,
ESPECIAL,1,Procedimiento Administrativo común de las administraciones públicas I,"Ley 39/2015, de 1 de octubre",17,JURIDICO,
ESPECIAL,1,Procedimiento Administrativo común de las administraciones públicas I,"Ley 39/2015, de 1 de octubre",18,JURIDICO,
ESPECIAL,1,Procedimiento Administrativo común de las administraciones públicas I,"Ley 39/2015, de 1 de octubre",19,JURIDICO,
ESPECIAL,1,Procedimiento Administrativo común de las administraciones públicas I,"Ley 39/2015, de 1 de octubre",20,JURIDICO,
ESPECIAL,1,Procedimiento Administrativo común de las administraciones públicas I,"Ley 39/2015, de 1 de octubre",21,JURIDICO,
ESPECIAL,1,Procedimiento Administrativo común de las administraciones públicas I,"Ley 39/2015, de 1 de octubre",22,JURIDICO,
ESPECIAL,1,Procedimiento Administrativo común de las administraciones públicas I,"Ley 39/2015, de 1 de octubre",23,JURIDICO,
ESPECIAL,1,Procedimiento Administrativo común de las administraciones públicas I,"Ley 39/2015, de 1 de octubre",24,JURIDICO,
ESPECIAL,1,Procedimiento Administrativo común de las administraciones públicas I,"Ley 39/2015, de 1 de octubre",25,JURIDICO,
ESPECIAL,1,Procedimiento Administrativo común de las administraciones públicas I,"Ley 39/2015, de 1 de octubre",26,JURIDICO,
ESPECIAL,1,Procedimiento Administrativo común de las administraciones públicas I,"Ley 39/2015, de 1 de octubre",27,JURIDICO,
ESPECIAL,1,Procedimiento Administrativo común de las administraciones públicas I,"Ley 39/2015, de 1 de octubre",28,JURIDICO,
ESPECIAL,1,Procedimiento Administrativo común de las administraciones públicas I,"Ley 39/2015, de 1 de octubre",29,JURIDICO,
ESPECIAL,1,Procedimiento Administrativo común de las administraciones públicas I,"Ley 39/2015, de 1 de octubre",30,JURIDICO,
ESPECIAL,1,Procedimiento Administrativo común de las administraciones públicas I,"Ley 39/2015, de 1 de octubre",31,JURIDICO,
ESPECIAL,1,Procedimiento Administrativo común de las administraciones públicas I,"Ley 39/2015, de 1 de octubre",32,JURIDICO,
ESPECIAL,1,Procedimiento Administrativo común de las administraciones públicas I,"Ley 39/2015, de 1 de octubre",33,JURIDICO,
ESPECIAL,1,Procedimiento Administrativo común de las administraciones públicas I,"Ley 39/2015, de 1 de octubre",34,JURIDICO,
ESPECIAL,1,Procedimiento Administrativo común de las administraciones públicas I,"Ley 39/2015, de 1 de octubre",35,JURIDICO,
ESPECIAL,1,Procedimiento Administrativo común de las administraciones públicas I,"Ley 39/2015, de 1 de octubre",36,JURIDICO,
ESPECIAL,1,Procedimiento Administrativo común de las administraciones públicas I,"Ley 39/2015, de 1 de octubre",37,JURIDICO,
ESPECIAL,1,Procedimiento Administrativo común de las administraciones públicas I,"Ley 39/2015, de 1 de octubre",38,JURIDICO,
ESPECIAL,1,Procedimiento Administrativo común de las administraciones públicas I,"Ley 39/2015, de 1 de octubre",39,JURIDICO,
ESPECIAL,1,Procedimiento Administrativo común de las administraciones públicas I,"Ley 39/2015, de 1 de octubre",40,JURIDICO,
ESPECIAL,1,Procedimiento Administrativo común de las administraciones públicas I,"Ley 39/2015, de 1 de octubre",41,JURIDICO,
ESPECIAL,1,Procedimiento Administrativo común de las administraciones públicas I,"Ley 39/2015, de 1 de octubre",42,JURIDICO,
ESPECIAL,1,Procedimiento Administrativo común de las administraciones públicas I,"Ley 39/2015, de 1 de octubre",43,JURIDICO,
ESPECIAL,1,Procedimiento Administrativo común de las administraciones públicas I,"Ley 39/2015, de 1 de octubre",44,JURIDICO,
ESPECIAL,1,Procedimiento Administrativo común de las administraciones públicas I,"Ley 39/2015, de 1 de octubre",45,JURIDICO,
ESPECIAL,1,Procedimiento Administrativo común de las administraciones públicas I,"Ley 39/2015, de 1 de octubre",46,JURIDICO,
ESPECIAL,1,Procedimiento Administrativo común de las administraciones públicas I,"Ley 39/2015, de 1 de octubre",47,JURIDICO,
ESPECIAL,1,Procedimiento Administrativo común de las administraciones públicas I,"Ley 39/2015, de 1 de octubre",48,JURIDICO,
ESPECIAL,1,Procedimiento Administrativo común de las administraciones públicas I,"Ley 39/2015, de 1 de octubre",49,JURIDICO,
ESPECIAL,1,Procedimiento Administrativo común de las administraciones públicas I,"Ley 39/2015, de 1 de octubre",50,JURIDICO,
ESPECIAL,1,Procedimiento Administrativo común de las administraciones públicas I,"Ley 39/2015, de 1 de octubre",51,JURIDICO,
ESPECIAL,1,Procedimiento Administrativo común de las administraciones públicas I,"Ley 39/2015, de 1 de octubre",52,JURIDICO,
ESPECIAL,2,Procedimiento Administrativo común de las administraciones públicas II,"Ley 39/2015, de 1 de octubre",53,JURIDICO,
ESPECIAL,2,Procedimiento Administrativo común de las administraciones públicas II,"Ley 39/2015, de 1 de octubre",54,JURIDICO,
ESPECIAL,2,Procedimiento Administrativo común de las administraciones públicas II,"Ley 39/2015, de 1 de octubre",55,JURIDICO,
ESPECIAL,2,Procedimiento Administrativo común de las administraciones públicas II,"Ley 39/2015, de 1 de octubre",56,JURIDICO,
ESPECIAL,2,Procedimiento Administrativo común de las administraciones públicas II,"Ley 39/2015, de 1 de octubre",57,JURIDICO,
ESPECIAL,2,Procedimiento Administrativo común de las administraciones públicas II,"Ley 39/2015, de 1 de octubre",58,JURIDICO,
ESPECIAL,2,Procedimiento Administrativo común de las administraciones públicas II,"Ley 39/2015, de 1 de octubre",59,JURIDICO,
ESPECIAL,2,Procedimiento Administrativo común de las administraciones públicas II,"Ley 39/2015, de 1 de octubre",60,JURIDICO,
ESPECIAL,2,Procedimiento Administrativo común de las administraciones públicas II,"Ley 39/2015, de 1 de octubre",61,JURIDICO,
ESPECIAL,2,Procedimiento Administrativo común de las administraciones públicas II,"Ley 39/2015, de 1 de octubre",62,JURIDICO,
ESPECIAL,2,Procedimiento Administrativo común de las administraciones públicas II,"Ley 39/2015, de 1 de octubre",63,JURIDICO,
ESPECIAL,2,Procedimiento Administrativo común de las administraciones públicas II,"Ley 39/2015, de 1 de octubre",64,JURIDICO,
ESPECIAL,2,Procedimiento Administrativo común de las administraciones públicas II,"Ley 39/2015, de 1 de octubre",65,JURIDICO,
ESPECIAL,2,Procedimiento Administrativo común de las administraciones públicas II,"Ley 39/2015, de 1 de octubre",66,JURIDICO,
ESPECIAL,2,Procedimiento Administrativo común de las administraciones públicas II,"Ley 39/2015, de 1 de octubre",67,JURIDICO,
ESPECIAL,2,Procedimiento Administrativo común de las administraciones públicas II,"Ley 39/2015, de 1 de octubre",68,JURIDICO,
ESPECIAL,2,Procedimiento Administrativo común de las administraciones públicas II,"Ley 39/2015, de 1 de octubre",69,JURIDICO,
ESPECIAL,2,Procedimiento Administrativo común de las administraciones públicas II,"Ley 39/2015, de 1 de octubre",70,JURIDICO,
ESPECIAL,2,Procedimiento Administrativo común de las administraciones públicas II,"Ley 39/2015, de 1 de octubre",71,JURIDICO,
ESPECIAL,2,Procedimiento Administrativo común de las administraciones públicas II,"Ley 39/2015, de 1 de octubre",72,JURIDICO,
ESPECIAL,2,Procedimiento Administrativo común de las administraciones públicas II,"Ley 39/2015, de 1 de octubre",73,JURIDICO,
ESPECIAL,2,Procedimiento Administrativo común de las administraciones públicas II,"Ley 39/2015, de 1 de octubre",74,JURIDICO,
ESPECIAL,2,Procedimiento Administrativo común de las administraciones públicas II,"Ley 39/2015, de 1 de octubre",75,JURIDICO,
ESPECIAL,2,Procedimiento Administrativo común de las administraciones públicas II,"Ley 39/2015, de 1 de octubre",76,JURIDICO,
ESPECIAL,2,Procedimiento Administrativo común de las administraciones públicas II,"Ley 39/2015, de 1 de octubre",77,JURIDICO,
ESPECIAL,2,Procedimiento Administrativo común de las administraciones públicas II,"Ley 39/2015, de 1 de octubre",78,JURIDICO,
ESPECIAL,2,Procedimiento Administrativo común de las administraciones públicas II,"Ley 39/2015, de 1 de octubre",79,JURIDICO,
ESPECIAL,2,Procedimiento Administrativo común de las administraciones públicas II,"Ley 39/2015, de 1 de octubre",80,JURIDICO,
ESPECIAL,2,Procedimiento Administrativo común de las administraciones públicas II,"Ley 39/2015, de 1 de octubre",81,JURIDICO,
ESPECIAL,2,Procedimiento Administrativo común de las administraciones públicas II,"Ley 39/2015, de 1 de octubre",82,JURIDICO,
ESPECIAL,2,Procedimiento Administrativo común de las administraciones públicas II,"Ley 39/2015, de 1 de octubre",83,JURIDICO,
ESPECIAL,2,Procedimiento Administrativo común de las administraciones públicas II,"Ley 39/2015, de 1 de octubre",84,JURIDICO,
ESPECIAL,2,Procedimiento Administrativo común de las administraciones públicas II,"Ley 39/2015, de 1 de octubre",85,JURIDICO,
ESPECIAL,2,Procedimiento Administrativo común de las administraciones públicas II,"Ley 39/2015, de 1 de octubre",86,JURIDICO,
ESPECIAL,2,Procedimiento Administrativo común de las administraciones públicas II,"Ley 39/2015, de 1 de octubre",87,JURIDICO,
ESPECIAL,2,Procedimiento Administrativo común de las administraciones públicas II,"Ley 39/2015, de 1 de octubre",88,JURIDICO,
ESPECIAL,2,Procedimiento Administrativo común de las administraciones públicas II,"Ley 39/2015, de 1 de octubre",89,JURIDICO,
ESPECIAL,2,Procedimiento Administrativo común de las administraciones públicas II,"Ley 39/2015, de 1 de octubre",90,JURIDICO,
ESPECIAL,2,Procedimiento Administrativo común de las administraciones públicas II,"Ley 39/2015, de 1 de octubre",91,JURIDICO,
ESPECIAL,2,Procedimiento Administrativo común de las administraciones públicas II,"Ley 39/2015, de 1 de octubre",92,JURIDICO,
ESPECIAL,2,Procedimiento Administrativo común de las administraciones públicas II,"Ley 39/2015, de 1 de octubre",93,JURIDICO,
ESPECIAL,2,Procedimiento Administrativo común de las administraciones públicas II,"Ley 39/2015, de 1 de octubre",94,JURIDICO,
ESPECIAL,2,Procedimiento Administrativo común de las administraciones públicas II,"Ley 39/2015, de 1 de octubre",95,JURIDICO,
ESPECIAL,2,Procedimiento Administrativo común de las administraciones públicas II,"Ley 39/2015, de 1 de octubre",96,JURIDICO,
ESPECIAL,2,Procedimiento Administrativo común de las administraciones públicas II,"Ley 39/2015, de 1 de octubre",97,JURIDICO,
ESPECIAL,2,Procedimiento Administrativo común de las administraciones públicas II,"Ley 39/2015, de 1 de octubre",98,JURIDICO,
ESPECIAL,2,Procedimiento Administrativo común de las administraciones públicas II,"Ley 39/2015, de 1 de octubre",99,JURIDICO,
ESPECIAL,2,Procedimiento Administrativo común de las administraciones públicas II,"Ley 39/2015, de 1 de octubre",100,JURIDICO,
ESPECIAL,2,Procedimiento Administrativo común de las administraciones públicas II,"Ley 39/2015, de 1 de octubre",101,JURIDICO,
ESPECIAL,2,Procedimiento Administrativo común de las administraciones públicas II,"Ley 39/2015, de 1 de octubre",102,JURIDICO,
ESPECIAL,2,Procedimiento Administrativo común de las administraciones públicas II,"Ley 39/2015, de 1 de octubre",103,JURIDICO,
ESPECIAL,2,Procedimiento Administrativo común de las administraciones públicas II,"Ley 39/2015, de 1 de octubre",104,JURIDICO,
ESPECIAL,2,Procedimiento Administrativo común de las administraciones públicas II,"Ley 39/2015, de 1 de octubre",105,JURIDICO,
ESPECIAL,2,Procedimiento Administrativo común de las administraciones públicas II,"Ley 39/2015, de 1 de octubre",112,JURIDICO,
ESPECIAL,2,Procedimiento Administrativo común de las administraciones públicas II,"Ley 39/2015, de 1 de octubre",113,JURIDICO,
ESPECIAL,2,Procedimiento Administrativo común de las administraciones públicas II,"Ley 39/2015, de 1 de octubre",114,JURIDICO,
ESPECIAL,2,Procedimiento Administrativo común de las administraciones públicas II,"Ley 39/2015, de 1 de octubre",115,JURIDICO,
ESPECIAL,2,Procedimiento Administrativo común de las administraciones públicas II,"Ley 39/2015, de 1 de octubre",116,JURIDICO,
ESPECIAL,2,Procedimiento Administrativo común de las administraciones públicas II,"Ley 39/2015, de 1 de octubre",117,JURIDICO,
ESPECIAL,2,Procedimiento Administrativo común de las administraciones públicas II,"Ley 39/2015, de 1 de octubre",118,JURIDICO,
ESPECIAL,2,Procedimiento Administrativo común de las administraciones públicas II,"Ley 39/2015, de 1 de octubre",119,JURIDICO,
ESPECIAL,2,Procedimiento Administrativo común de las administraciones públicas II,"Ley 39/2015, de 1 de octubre",120,JURIDICO,
ESPECIAL,2,Procedimiento Administrativo común de las administraciones públicas II,"Ley 39/2015, de 1 de octubre",121,JURIDICO,
ESPECIAL,2,Procedimiento Administrativo común de las administraciones públicas II,"Ley 39/2015, de 1 de octubre",122,JURIDICO,
ESPECIAL,2,Procedimiento Administrativo común de las administraciones públicas II,"Ley 39/2015, de 1 de octubre",123,JURIDICO,
ESPECIAL,2,Procedimiento Administrativo común de las administraciones públicas II,"Ley 39/2015, de 1 de octubre",124,JURIDICO,
ESPECIAL,2,Procedimiento Administrativo común de las administraciones públicas II,"Ley 39/2015, de 1 de octubre",125,JURIDICO,
ESPECIAL,2,Procedimiento Administrativo común de las administraciones públicas II,"Ley 39/2015, de 1 de octubre",126,JURIDICO,
ESPECIAL,3,Regimen Juridico Administraciones Publicas,"Ley 40/2015, de 1 de octubre",1,JURIDICO,
ESPECIAL,3,Regimen Juridico Administraciones Publicas,"Ley 40/2015, de 1 de octubre",2,JURIDICO,
ESPECIAL,3,Regimen Juridico Administraciones Publicas,"Ley 40/2015, de 1 de octubre",3,JURIDICO,
ESPECIAL,3,Regimen Juridico Administraciones Publicas,"Ley 40/2015, de 1 de octubre",4,JURIDICO,
ESPECIAL,3,Regimen Juridico Administraciones Publicas,"Ley 40/2015, de 1 de octubre",5,JURIDICO,
ESPECIAL,3,Regimen Juridico Administraciones Publicas,"Ley 40/2015, de 1 de octubre",6,JURIDICO,
ESPECIAL,3,Regimen Juridico Administraciones Publicas,"Ley 40/2015, de 1 de octubre",7,JURIDICO,
ESPECIAL,3,Regimen Juridico Administraciones Publicas,"Ley 40/2015, de 1 de octubre",8,JURIDICO,
ESPECIAL,3,Regimen Juridico Administraciones Publicas,"Ley 40/2015, de 1 de octubre",9,JURIDICO,
ESPECIAL,3,Regimen Juridico Administraciones Publicas,"Ley 40/2015, de 1 de octubre",10,JURIDICO,
ESPECIAL,3,Regimen Juridico Administraciones Publicas,"Ley 40/2015, de 1 de octubre",11,JURIDICO,
ESPECIAL,3,Regimen Juridico Administraciones Publicas,"Ley 40/2015, de 1 de octubre",12,JURIDICO,
ESPECIAL,3,Regimen Juridico Administraciones Publicas,"Ley 40/2015, de 1 de octubre",13,JURIDICO,
ESPECIAL,3,Regimen Juridico Administraciones Publicas,"Ley 40/2015, de 1 de octubre",14,JURIDICO,
ESPECIAL,3,Regimen Juridico Administraciones Publicas,"Ley 40/2015, de 1 de octubre",15,JURIDICO,
ESPECIAL,3,Regimen Juridico Administraciones Publicas,"Ley 40/2015, de 1 de octubre",16,JURIDICO,
ESPECIAL,3,Regimen Juridico Administraciones Publicas,"Ley 40/2015, de 1 de octubre",17,JURIDICO,
ESPECIAL,3,Regimen Juridico Administraciones Publicas,"Ley 40/2015, de 1 de octubre",18,JURIDICO,
ESPECIAL,3,Regimen Juridico Administraciones Publicas,"Ley 40/2015, de 1 de octubre",23,JURIDICO,
ESPECIAL,3,Regimen Juridico Administraciones Publicas,"Ley 40/2015, de 1 de octubre",24,JURIDICO,
ESPECIAL,3,Regimen Juridico Administraciones Publicas,"Ley 40/2015, de 1 de octubre",140,JURIDICO,
ESPECIAL,3,Regimen Juridico Administraciones Publicas,"Ley 40/2015, de 1 de octubre",141,JURIDICO,
ESPECIAL,3,Regimen Juridico Administraciones Publicas,"Ley 40/2015, de 1 de octubre",142,JURIDICO,
ESPECIAL,4,Contratos del sector público,"Ley 9/2017, de 8 de noviembre",1,JURIDICO,
ESPECIAL,4,Contratos del sector público,"Ley 9/2017, de 8 de noviembre",2,JURIDICO,
ESPECIAL,4,Contratos del sector público,"Ley 9/2017, de 8 de noviembre",3,JURIDICO,
ESPECIAL,4,Contratos del sector público,"Ley 9/2017, de 8 de noviembre",12,JURIDICO,
ESPECIAL,4,Contratos del sector público,"Ley 9/2017, de 8 de noviembre",13,JURIDICO,
ESPECIAL,4,Contratos del sector público,"Ley 9/2017, de 8 de noviembre",14,JURIDICO,
ESPECIAL,4,Contratos del sector público,"Ley 9/2017, de 8 de noviembre",15,JURIDICO,
ESPECIAL,4,Contratos del sector público,"Ley 9/2017, de 8 de noviembre",16,JURIDICO,
ESPECIAL,4,Contratos del sector público,"Ley 9/2017, de 8 de noviembre",17,JURIDICO,
ESPECIAL,4,Contratos del sector público,"Ley 9/2017, de 8 de noviembre",18,JURIDICO,
ESPECIAL,4,Contratos del sector público,"Ley 9/2017, de 8 de noviembre",24,JURIDICO,
ESPECIAL,4,Contratos del sector público,"Ley 9/2017, de 8 de noviembre",25,JURIDICO,
ESPECIAL,4,Contratos del sector público,"Ley 9/2017, de 8 de noviembre",26,JURIDICO,
ESPECIAL,4,Contratos del sector público,"Ley 9/2017, de 8 de noviembre",27,JURIDICO,
ESPECIAL,4,Contratos del sector público,"Ley 9/2017, de 8 de noviembre",116,JURIDICO,
ESPECIAL,4,Contratos del sector público,"Ley 9/2017, de 8 de noviembre",117,JURIDICO,
ESPECIAL,4,Contratos del sector público,"Ley 9/2017, de 8 de noviembre",118,JURIDICO,
ESPECIAL,4,Contratos del sector público,"Ley 9/2017, de 8 de noviembre",119,JURIDICO,
ESPECIAL,4,Contratos del sector público,"Ley 9/2017, de 8 de noviembre",120,JURIDICO,
ESPECIAL,5,Función Pública Valenciana,"Ley 4/2021, de 16 de abril",1,JURIDICO,
ESPECIAL,5,Función Pública Valenciana,"Ley 4/2021, de 16 de abril",2,JURIDICO,
ESPECIAL,5,Función Pública Valenciana,"Ley 4/2021, de 16 de abril",3,JURIDICO,
ESPECIAL,5,Función Pública Valenciana,"Ley 4/2021, de 16 de abril",4,JURIDICO,
ESPECIAL,5,Función Pública Valenciana,"Ley 4/2021, de 16 de abril",5,JURIDICO,
ESPECIAL,5,Función Pública Valenciana,"Ley 4/2021, de 16 de abril",16,JURIDICO,
ESPECIAL,5,Función Pública Valenciana,"Ley 4/2021, de 16 de abril",17,JURIDICO,
ESPECIAL,5,Función Pública Valenciana,"Ley 4/2021, de 16 de abril",18,JURIDICO,
ESPECIAL,5,Función Pública Valenciana,"Ley 4/2021, de 16 de abril",19,JURIDICO,
ESPECIAL,5,Función Pública Valenciana,"Ley 4/2021, de 16 de abril",20,JURIDICO,
ESPECIAL,5,Función Pública Valenciana,"Ley 4/2021, de 16 de abril",21,JURIDICO,
ESPECIAL,5,Función Pública Valenciana,"Ley 4/2021, de 16 de abril",22,JURIDICO,
ESPECIAL,5,Función Pública Valenciana,"Ley 4/2021, de 16 de abril",23,JURIDICO,
ESPECIAL,5,Función Pública Valenciana,"Ley 4/2021, de 16 de abril",24,JURIDICO,
ESPECIAL,5,Función Pública Valenciana,"Ley 4/2021, de 16 de abril",25,JURIDICO,
ESPECIAL,5,Función Pública Valenciana,"Ley 4/2021, de 16 de abril",26,JURIDICO,
ESPECIAL,5,Función Pública Valenciana,"Ley 4/2021, de 16 de abril",27,JURIDICO,
ESPECIAL,5,Función Pública Valenciana,"Ley 4/2021, de 16 de abril",60,JURIDICO,
ESPECIAL,5,Función Pública Valenciana,"Ley 4/2021, de 16 de abril",61,JURIDICO,
ESPECIAL,5,Función Pública Valenciana,"Ley 4/2021, de 16 de abril",62,JURIDICO,
ESPECIAL,5,Función Pública Valenciana,"Ley 4/2021, de 16 de abril",63,JURIDICO,
ESPECIAL,5,Función Pública Valenciana,"Ley 4/2021, de 16 de abril",64,JURIDICO,
ESPECIAL,5,Función Pública Valenciana,"Ley 4/2021, de 16 de abril",65,JURIDICO,
ESPECIAL,5,Función Pública Valenciana,"Ley 4/2021, de 16 de abril",66,JURIDICO,
ESPECIAL,5,Función Pública Valenciana,"Ley 4/2021, de 16 de abril",67,JURIDICO,
ESPECIAL,5,Función Pública Valenciana,"Ley 4/2021, de 16 de abril",68,JURIDICO,
ESPECIAL,5,Función Pública Valenciana,"Ley 4/2021, de 16 de abril",69,JURIDICO,
ESPECIAL,5,Función Pública Valenciana,"Ley 4/2021, de 16 de abril",70,JURIDICO,
ESPECIAL,5,Función Pública Valenciana,"Ley 4/2021, de 16 de abril",71,JURIDICO,
ESPECIAL,5,Función Pública Valenciana,"Ley 4/2021, de 16 de abril",72,JURIDICO,
ESPECIAL,5,Función Pública Valenciana,"Ley 4/2021, de 16 de abril",73,JURIDICO,
ESPECIAL,5,Función Pública Valenciana,"Ley 4/2021, de 16 de abril",74,JURIDICO,
ESPECIAL,5,Función Pública Valenciana,"Ley 4/2021, de 16 de abril",75,JURIDICO,
ESPECIAL,5,Función Pública Valenciana,"Ley 4/2021, de 16 de abril",76,JURIDICO,
ESPECIAL,5,Función Pública Valenciana,"Ley 4/2021, de 16 de abril",77,JURIDICO,
ESPECIAL,5,Función Pública Valenciana,"Ley 4/2021, de 16 de abril",78,JURIDICO,
ESPECIAL,5,Función Pública Valenciana,"Ley 4/2021, de 16 de abril",79,JURIDICO,
ESPECIAL,5,Función Pública Valenciana,"Ley 4/2021, de 16 de abril",80,JURIDICO,
ESPECIAL,5,Función Pública Valenciana,"Ley 4/2021, de 16 de abril",81,JURIDICO,
ESPECIAL,5,Función Pública Valenciana,"Ley 4/2021, de 16 de abril",82,JURIDICO,
ESPECIAL,5,Función Pública Valenciana,"Ley 4/2021, de 16 de abril",83,JURIDICO,
ESPECIAL,5,Función Pública Valenciana,"Ley 4/2021, de 16 de abril",84,JURIDICO,
ESPECIAL,5,Función Pública Valenciana,"Ley 4/2021, de 16 de abril",85,JURIDICO,
ESPECIAL,5,Función Pública Valenciana,"Ley 4/2021, de 16 de abril",86,JURIDICO,
ESPECIAL,5,Función Pública Valenciana,"Ley 4/2021, de 16 de abril",87,JURIDICO,
ESPECIAL,5,Función Pública Valenciana,"Ley 4/2021, de 16 de abril",88,JURIDICO,
ESPECIAL,5,Función Pública Valenciana,"Ley 4/2021, de 16 de abril",89,JURIDICO,
ESPECIAL,5,Función Pública Valenciana,"Ley 4/2021, de 16 de abril",90,JURIDICO,
ESPECIAL,5,Función Pública Valenciana,"Ley 4/2021, de 16 de abril",91,JURIDICO,
ESPECIAL,5,Función Pública Valenciana,"Ley 4/2021, de 16 de abril",92,JURIDICO,
ESPECIAL,5,Función Pública Valenciana,"Ley 4/2021, de 16 de abril",93,JURIDICO,
ESPECIAL,5,Función Pública Valenciana,"Ley 4/2021, de 16 de abril",94,JURIDICO,
ESPECIAL,5,Función Pública Valenciana,"Ley 4/2021, de 16 de abril",95,JURIDICO,
ESPECIAL,5,Función Pública Valenciana,"Ley 4/2021, de 16 de abril",96,JURIDICO,
ESPECIAL,5,Función Pública Valenciana,"Ley 4/2021, de 16 de abril",97,JURIDICO,
ESPECIAL,5,Función Pública Valenciana,"Ley 4/2021, de 16 de abril",98,JURIDICO,
ESPECIAL,5,Función Pública Valenciana,"Ley 4/2021, de 16 de abril",99,JURIDICO,
ESPECIAL,5,Función Pública Valenciana,"Ley 4/2021, de 16 de abril",100,JURIDICO,
ESPECIAL,5,Función Pública Valenciana,"Ley 4/2021, de 16 de abril",101,JURIDICO,
ESPECIAL,5,Función Pública Valenciana,"Ley 4/2021, de 16 de abril",102,JURIDICO,
ESPECIAL,5,Función Pública Valenciana,"Ley 4/2021, de 16 de abril",103,JURIDICO,
ESPECIAL,5,Función Pública Valenciana,"Ley 4/2021, de 16 de abril",104,JURIDICO,
ESPECIAL,5,Función Pública Valenciana,"Ley 4/2021, de 16 de abril",105,JURIDICO,
ESPECIAL,5,Función Pública Valenciana,"Ley 4/2021, de 16 de abril",106,JURIDICO,
ESPECIAL,5,Función Pública Valenciana,"Ley 4/2021, de 16 de abril",167,JURIDICO,
ESPECIAL,5,Función Pública Valenciana,"Ley 4/2021, de 16 de abril",168,JURIDICO,
ESPECIAL,5,Función Pública Valenciana,"Ley 4/2021, de 16 de abril",169,JURIDICO,
ESPECIAL,5,Función Pública Valenciana,"Ley 4/2021, de 16 de abril",170,JURIDICO,
ESPECIAL,5,Función Pública Valenciana,"Ley 4/2021, de 16 de abril",171,JURIDICO,
ESPECIAL,5,Función Pública Valenciana,"Ley 4/2021, de 16 de abril",172,JURIDICO,
ESPECIAL,5,Función Pública Valenciana,"Ley 4/2021, de 16 de abril",173,JURIDICO,
ESPECIAL,5,Función Pública Valenciana,"Ley 4/2021, de 16 de abril",174,JURIDICO,
ESPECIAL,5,Función Pública Valenciana,"Ley 4/2021, de 16 de abril",175,JURIDICO,
ESPECIAL,5,Función Pública Valenciana,"Ley 4/2021, de 16 de abril",176,JURIDICO,
ESPECIAL,6,Condiciones de Trabajo,"Decreto 42/2019, de 22 de marzo",1,JURIDICO,
ESPECIAL,6,Condiciones de Trabajo,"Decreto 42/2019, de 22 de marzo",2,JURIDICO,
ESPECIAL,6,Condiciones de Trabajo,"Decreto 42/2019, de 22 de marzo",3,JURIDICO,
ESPECIAL,6,Condiciones de Trabajo,"Decreto 42/2019, de 22 de marzo",4,JURIDICO,
ESPECIAL,6,Condiciones de Trabajo,"Decreto 42/2019, de 22 de marzo",5,JURIDICO,
ESPECIAL,6,Condiciones de Trabajo,"Decreto 42/2019, de 22 de marzo",6,JURIDICO,
ESPECIAL,6,Condiciones de Trabajo,"Decreto 42/2019, de 22 de marzo",7,JURIDICO,
ESPECIAL,6,Condiciones de Trabajo,"Decreto 42/2019, de 22 de marzo",8,JURIDICO,
ESPECIAL,6,Condiciones de Trabajo,"Decreto 42/2019, de 22 de marzo",9,JURIDICO,
ESPECIAL,6,Condiciones de Trabajo,"Decreto 42/2019, de 22 de marzo",10,JURIDICO,
ESPECIAL,6,Condiciones de Trabajo,"Decreto 42/2019, de 22 de marzo",11,JURIDICO,
ESPECIAL,6,Condiciones de Trabajo,"Decreto 42/2019, de 22 de marzo",12,JURIDICO,
ESPECIAL,6,Condiciones de Trabajo,"Decreto 42/2019, de 22 de marzo",13,JURIDICO,
ESPECIAL,6,Condiciones de Trabajo,"Decreto 42/2019, de 22 de marzo",14,JURIDICO,
ESPECIAL,6,Condiciones de Trabajo,"Decreto 42/2019, de 22 de marzo",15,JURIDICO,
ESPECIAL,6,Condiciones de Trabajo,"Decreto 42/2019, de 22 de marzo",16,JURIDICO,
ESPECIAL,6,Condiciones de Trabajo,"Decreto 42/2019, de 22 de marzo",17,JURIDICO,
ESPECIAL,6,Condiciones de Trabajo,"Decreto 42/2019, de 22 de marzo",18,JURIDICO,
ESPECIAL,6,Condiciones de Trabajo,"Decreto 42/2019, de 22 de marzo",19,JURIDICO,
ESPECIAL,6,Condiciones de Trabajo,"Decreto 42/2019, de 22 de marzo",20,JURIDICO,
ESPECIAL,6,Condiciones de Trabajo,"Decreto 42/2019, de 22 de marzo",21,JURIDICO,
ESPECIAL,6,Condiciones de Trabajo,"Decreto 42/2019, de 22 de marzo",22,JURIDICO,
ESPECIAL,6,Condiciones de Trabajo,"Decreto 42/2019, de 22 de marzo",23,JURIDICO,
ESPECIAL,6,Condiciones de Trabajo,"Decreto 42/2019, de 22 de marzo",24,JURIDICO,
ESPECIAL,6,Condiciones de Trabajo,"Decreto 42/2019, de 22 de marzo",25,JURIDICO,
ESPECIAL,6,Condiciones de Trabajo,"Decreto 42/2019, de 22 de marzo",26,JURIDICO,
ESPECIAL,6,Condiciones de Trabajo,"Decreto 42/2019, de 22 de marzo",27,JURIDICO,
ESPECIAL,6,Condiciones de Trabajo,"Decreto 42/2019, de 22 de marzo",28,JURIDICO,
ESPECIAL,6,Condiciones de Trabajo,"Decreto 42/2019, de 22 de marzo",29,JURIDICO,
ESPECIAL,6,Condiciones de Trabajo,"Decreto 42/2019, de 22 de marzo",30,JURIDICO,
ESPECIAL,6,Condiciones de Trabajo,"Decreto 42/2019, de 22 de marzo",31,JURIDICO,
ESPECIAL,6,Condiciones de Trabajo,"Decreto 42/2019, de 22 de marzo",32,JURIDICO,
ESPECIAL,6,Condiciones de Trabajo,"Decreto 42/2019, de 22 de marzo",33,JURIDICO,
ESPECIAL,6,Condiciones de Trabajo,"Decreto 42/2019, de 22 de marzo",34,JURIDICO,
ESPECIAL,6,Condiciones de Trabajo,"Decreto 42/2019, de 22 de marzo",35,JURIDICO,
ESPECIAL,6,Condiciones de Trabajo,"Decreto 42/2019, de 22 de marzo",36,JURIDICO,
ESPECIAL,6,Condiciones de Trabajo,"Decreto 42/2019, de 22 de marzo",37,JURIDICO,
ESPECIAL,6,Condiciones de Trabajo,"Decreto 42/2019, de 22 de marzo",38,JURIDICO,
ESPECIAL,6,Condiciones de Trabajo,"Decreto 42/2019, de 22 de marzo",39,JURIDICO,
ESPECIAL,6,Condiciones de Trabajo,"Decreto 42/2019, de 22 de marzo",40,JURIDICO,
ESPECIAL,6,Condiciones de Trabajo,"Decreto 42/2019, de 22 de marzo",41,JURIDICO,
ESPECIAL,6,Condiciones de Trabajo,"Decreto 42/2019, de 22 de marzo",42,JURIDICO,
ESPECIAL,6,Condiciones de Trabajo,"Decreto 42/2019, de 22 de marzo",43,JURIDICO,
ESPECIAL,6,Condiciones de Trabajo,"Decreto 42/2019, de 22 de marzo",44,JURIDICO,
ESPECIAL,6,Condiciones de Trabajo,"Decreto 42/2019, de 22 de marzo",45,JURIDICO,
ESPECIAL,6,Condiciones de Trabajo,"Decreto 42/2019, de 22 de marzo",46,JURIDICO,
ESPECIAL,6,Condiciones de Trabajo,"Decreto 42/2019, de 22 de marzo",47,JURIDICO,
ESPECIAL,6,Condiciones de Trabajo,"Decreto 42/2019, de 22 de marzo",48,JURIDICO,
ESPECIAL,6,Condiciones de Trabajo,"Decreto 42/2019, de 22 de marzo",49,JURIDICO,
ESPECIAL,6,Condiciones de Trabajo,"Decreto 42/2019, de 22 de marzo",50,JURIDICO,
ESPECIAL,6,Condiciones de Trabajo,"Decreto 42/2019, de 22 de marzo",51,JURIDICO,
ESPECIAL,6,Condiciones de Trabajo,"Decreto 42/2019, de 22 de marzo",52,JURIDICO,
ESPECIAL,6,Condiciones de Trabajo,"Decreto 42/2019, de 22 de marzo",53,JURIDICO,
ESPECIAL,6,Condiciones de Trabajo,"Decreto 42/2019, de 22 de marzo",54,JURIDICO,
ESPECIAL,7,El presupuesto de la Generalitat (I).,"Ley 1/2015, de 6 de febrero",24,JURIDICO,
ESPECIAL,7,El presupuesto de la Generalitat (I).,"Ley 1/2015, de 6 de febrero",25,JURIDICO,
ESPECIAL,7,El presupuesto de la Generalitat (I).,"Ley 1/2015, de 6 de febrero",26,JURIDICO,
ESPECIAL,7,El presupuesto de la Generalitat (I).,"Ley 1/2015, de 6 de febrero",30,JURIDICO,
ESPECIAL,7,El presupuesto de la Generalitat (I).,"Ley 1/2015, de 6 de febrero",31,JURIDICO,
ESPECIAL,7,El presupuesto de la Generalitat (I).,"Ley 1/2015, de 6 de febrero",32,JURIDICO,
ESPECIAL,7,El presupuesto de la Generalitat (I).,"Ley 1/2015, de 6 de febrero",33,JURIDICO,
ESPECIAL,7,El presupuesto de la Generalitat (I).,"Ley 1/2015, de 6 de febrero",34,JURIDICO,
ESPECIAL,7,El presupuesto de la Generalitat (I).,"Ley 1/2015, de 6 de febrero",35,JURIDICO,
ESPECIAL,7,El presupuesto de la Generalitat (I).,"Ley 1/2015, de 6 de febrero",36,JURIDICO,
ESPECIAL,7,El presupuesto de la Generalitat (I).,"Ley 1/2015, de 6 de febrero",37,JURIDICO,
ESPECIAL,7,El presupuesto de la Generalitat (I).,"Ley 1/2015, de 6 de febrero",38,JURIDICO,
ESPECIAL,7,El presupuesto de la Generalitat (I).,"Ley 1/2015, de 6 de febrero",39,JURIDICO,
ESPECIAL,7,El presupuesto de la Generalitat (I).,"Ley 1/2015, de 6 de febrero",40,JURIDICO,
ESPECIAL,7,El presupuesto de la Generalitat (I).,"Ley 1/2015, de 6 de febrero",41,JURIDICO,
ESPECIAL,7,El presupuesto de la Generalitat (I).,"Ley 1/2015, de 6 de febrero",42,JURIDICO,
ESPECIAL,7,El presupuesto de la Generalitat (I).,"Ley 1/2015, de 6 de febrero",43,JURIDICO,
ESPECIAL,7,El presupuesto de la Generalitat (I).,"Ley 1/2015, de 6 de febrero",44,JURIDICO,
ESPECIAL,7,El presupuesto de la Generalitat (I).,"Ley 1/2015, de 6 de febrero",45,JURIDICO,
ESPECIAL,7,El presupuesto de la Generalitat (I).,"Ley 1/2015, de 6 de febrero",46,JURIDICO,
ESPECIAL,7,El presupuesto de la Generalitat (I).,"Ley 1/2015, de 6 de febrero",47,JURIDICO,
ESPECIAL,7,El presupuesto de la Generalitat (I).,"Ley 1/2015, de 6 de febrero",48,JURIDICO,
ESPECIAL,7,El presupuesto de la Generalitat (I).,"Ley 1/2015, de 6 de febrero",49,JURIDICO,
ESPECIAL,7,El presupuesto de la Generalitat (I).,"Ley 1/2015, de 6 de febrero",50,JURIDICO,
ESPECIAL,7,El presupuesto de la Generalitat (I).,"Ley 1/2015, de 6 de febrero",51,JURIDICO,
ESPECIAL,8,El presupuesto de la Generalitat (II).,"Ley 1/2015, de 6 de febrero",56,JURIDICO,
ESPECIAL,8,El presupuesto de la Generalitat (II).,"Ley 1/2015, de 6 de febrero",57,JURIDICO,
ESPECIAL,8,El presupuesto de la Generalitat (II).,"Ley 1/2015, de 6 de febrero",58,JURIDICO,
ESPECIAL,8,El presupuesto de la Generalitat (II).,"Ley 1/2015, de 6 de febrero",59,JURIDICO,
ESPECIAL,8,El presupuesto de la Generalitat (II).,"Ley 1/2015, de 6 de febrero",60,JURIDICO,
ESPECIAL,8,El presupuesto de la Generalitat (II).,"Ley 1/2015, de 6 de febrero",61,JURIDICO,
ESPECIAL,8,El presupuesto de la Generalitat (II).,"Ley 1/2015, de 6 de febrero",62,JURIDICO,
ESPECIAL,8,El presupuesto de la Generalitat (II).,"Ley 1/2015, de 6 de febrero",63,JURIDICO,
ESPECIAL,8,El presupuesto de la Generalitat (II).,"Ley 1/2015, de 6 de febrero",64,JURIDICO,
ESPECIAL,8,El presupuesto de la Generalitat (II).,"Ley 1/2015, de 6 de febrero",65,JURIDICO,
ESPECIAL,8,El presupuesto de la Generalitat (II).,"Ley 1/2015, de 6 de febrero",66,JURIDICO,
ESPECIAL,8,El presupuesto de la Generalitat (II).,"Ley 4/2026, de 22 de julio",5,JURIDICO,
ESPECIAL,8,El presupuesto de la Generalitat (II).,"Ley 4/2026, de 22 de julio",6,JURIDICO,
ESPECIAL,8,El presupuesto de la Generalitat (II).,"Ley 4/2026, de 22 de julio",7,JURIDICO,
ESPECIAL,8,El presupuesto de la Generalitat (II).,"Ley 4/2026, de 22 de julio",8,JURIDICO,
ESPECIAL,8,El presupuesto de la Generalitat (II).,"Ley 4/2026, de 22 de julio",9,JURIDICO,
ESPECIAL,8,El presupuesto de la Generalitat (II).,"Ley 4/2026, de 22 de julio",24,JURIDICO,
ESPECIAL,8,El presupuesto de la Generalitat (II).,"Ley 4/2026, de 22 de julio",25,JURIDICO,
ESPECIAL,8,El presupuesto de la Generalitat (II).,"Ley 4/2026, de 22 de julio",26,JURIDICO,
ESPECIAL,8,El presupuesto de la Generalitat (II).,"Ley 4/2026, de 22 de julio",27,JURIDICO,
ESPECIAL,8,El presupuesto de la Generalitat (II).,"Ley 4/2026, de 22 de julio",28,JURIDICO,
ESPECIAL,8,El presupuesto de la Generalitat (II).,"Ley 4/2026, de 22 de julio",29,JURIDICO,
ESPECIAL ATENCION CIUDADANIA,9,La Administración electrónica en la Comunitat Valenciana,"Decreto 54/2025, de 15 de abril",8,JURIDICO,
ESPECIAL ATENCION CIUDADANIA,9,La Administración electrónica en la Comunitat Valenciana,"Decreto 54/2025, de 15 de abril",9,JURIDICO,
ESPECIAL ATENCION CIUDADANIA,9,La Administración electrónica en la Comunitat Valenciana,"Decreto 54/2025, de 15 de abril",10,JURIDICO,
ESPECIAL ATENCION CIUDADANIA,9,La Administración electrónica en la Comunitat Valenciana,"Decreto 54/2025, de 15 de abril",11,JURIDICO,
ESPECIAL ATENCION CIUDADANIA,9,La Administración electrónica en la Comunitat Valenciana,"Decreto 54/2025, de 15 de abril",12,JURIDICO,
ESPECIAL ATENCION CIUDADANIA,9,La Administración electrónica en la Comunitat Valenciana,"Decreto 54/2025, de 15 de abril",13,JURIDICO,
ESPECIAL ATENCION CIUDADANIA,9,La Administración electrónica en la Comunitat Valenciana,"Decreto 54/2025, de 15 de abril",14,JURIDICO,
ESPECIAL ATENCION CIUDADANIA,9,La Administración electrónica en la Comunitat Valenciana,"Decreto 54/2025, de 15 de abril",15,JURIDICO,
ESPECIAL ATENCION CIUDADANIA,9,La Administración electrónica en la Comunitat Valenciana,"Decreto 54/2025, de 15 de abril",16,JURIDICO,
ESPECIAL ATENCION CIUDADANIA,9,La Administración electrónica en la Comunitat Valenciana,"Decreto 54/2025, de 15 de abril",17,JURIDICO,
ESPECIAL ATENCION CIUDADANIA,9,La Administración electrónica en la Comunitat Valenciana,"Decreto 54/2025, de 15 de abril",18,JURIDICO,
ESPECIAL ATENCION CIUDADANIA,9,La Administración electrónica en la Comunitat Valenciana,"Decreto 54/2025, de 15 de abril",19,JURIDICO,
ESPECIAL ATENCION CIUDADANIA,9,La Administración electrónica en la Comunitat Valenciana,"Decreto 54/2025, de 15 de abril",20,JURIDICO,
ESPECIAL ATENCION CIUDADANIA,9,La Administración electrónica en la Comunitat Valenciana,"Decreto 54/2025, de 15 de abril",21,JURIDICO,
ESPECIAL ATENCION CIUDADANIA,9,La Administración electrónica en la Comunitat Valenciana,"Decreto 54/2025, de 15 de abril",22,JURIDICO,
ESPECIAL ATENCION CIUDADANIA,9,La Administración electrónica en la Comunitat Valenciana,"Decreto 54/2025, de 15 de abril",23,JURIDICO,
ESPECIAL ATENCION CIUDADANIA,9,La Administración electrónica en la Comunitat Valenciana,"Decreto 54/2025, de 15 de abril",24,JURIDICO,
ESPECIAL ATENCION CIUDADANIA,9,La Administración electrónica en la Comunitat Valenciana,"Decreto 54/2025, de 15 de abril",25,JURIDICO,
ESPECIAL ATENCION CIUDADANIA,10,Atención a la ciudadanía,"Decreto 30/2025, de 25 de febrero",1,JURIDICO,
ESPECIAL ATENCION CIUDADANIA,10,Atención a la ciudadanía,"Decreto 30/2025, de 25 de febrero",2,JURIDICO,
ESPECIAL ATENCION CIUDADANIA,10,Atención a la ciudadanía,"Decreto 30/2025, de 25 de febrero",3,JURIDICO,
ESPECIAL ATENCION CIUDADANIA,10,Atención a la ciudadanía,"Decreto 30/2025, de 25 de febrero",4,JURIDICO,
ESPECIAL ATENCION CIUDADANIA,10,Atención a la ciudadanía,"Decreto 30/2025, de 25 de febrero",5,JURIDICO,
ESPECIAL ATENCION CIUDADANIA,10,Atención a la ciudadanía,"Decreto 30/2025, de 25 de febrero",6,JURIDICO,
ESPECIAL ATENCION CIUDADANIA,10,Atención a la ciudadanía,"Decreto 30/2025, de 25 de febrero",7,JURIDICO,
ESPECIAL ATENCION CIUDADANIA,10,Atención a la ciudadanía,"Decreto 30/2025, de 25 de febrero",8,JURIDICO,
ESPECIAL ATENCION CIUDADANIA,10,Atención a la ciudadanía,"Decreto 30/2025, de 25 de febrero",9,JURIDICO,
ESPECIAL ATENCION CIUDADANIA,10,Atención a la ciudadanía,"Decreto 30/2025, de 25 de febrero",10,JURIDICO,
ESPECIAL ATENCION CIUDADANIA,10,Atención a la ciudadanía,"Decreto 30/2025, de 25 de febrero",11,JURIDICO,
ESPECIAL ATENCION CIUDADANIA,10,Atención a la ciudadanía,"Decreto 30/2025, de 25 de febrero",12,JURIDICO,
ESPECIAL ATENCION CIUDADANIA,10,Atención a la ciudadanía,"Decreto 30/2025, de 25 de febrero",13,JURIDICO,
ESPECIAL ATENCION CIUDADANIA,10,Atención a la ciudadanía,"Decreto 30/2025, de 25 de febrero",26,JURIDICO,
ESPECIAL ATENCION CIUDADANIA,10,Atención a la ciudadanía,"Decreto 30/2025, de 25 de febrero",27,JURIDICO,
ESPECIAL ATENCION CIUDADANIA,10,Atención a la ciudadanía,"Decreto 30/2025, de 25 de febrero",28,JURIDICO,
ESPECIAL ATENCION CIUDADANIA,10,Atención a la ciudadanía,"Decreto 30/2025, de 25 de febrero",29,JURIDICO,
ESPECIAL ATENCION CIUDADANIA,10,Atención a la ciudadanía,"Decreto 30/2025, de 25 de febrero",30,JURIDICO,
ESPECIAL ATENCION CIUDADANIA,10,Atención a la ciudadanía,"Decreto 30/2025, de 25 de febrero",31,JURIDICO,
ESPECIAL ATENCION CIUDADANIA,10,Atención a la ciudadanía,"Decreto 30/2025, de 25 de febrero",32,JURIDICO,
ESPECIAL ATENCION CIUDADANIA,10,Atención a la ciudadanía,"Decreto 30/2025, de 25 de febrero",33,JURIDICO,
ESPECIAL ATENCION CIUDADANIA,10,Atención a la ciudadanía,"Decreto 30/2025, de 25 de febrero",34,JURIDICO,
ESPECIAL INFORMATICA ,11,Informarica basica,Buscar y organizar información,,INFORMATICA,NAVEGADORES
ESPECIAL INFORMATICA ,11,Informarica basica,"Entorno de Windows 11: identificación y manejo del escritorio, ventanas, menú inicio y barra de tareas. ",,INFORMATICA,ENTORNO_WINDOWS_11
ESPECIAL INFORMATICA ,11,Informarica basica,"Utilización de herramientas básicas del sistema (calculadora, el bloc de notas y la herramienta de recortes) para realizar operaciones sencillas y apoyar las tareas administrativas. ",,INFORMATICA,HERRAMIENTAS_WINDOWS_11
ESPECIAL INFORMATICA ,11,Informarica basica,"Crear, copiar, mover, eliminar y cambiar el nombre de archivos y carpetas. ",,INFORMATICA,CARPETAS_WINDOWS_11
ESPECIAL INFORMATICA ,11,Informarica basica,Descargas y creación de accesos directos para facilitar el acceso a documentos y ubicaciones de uso frecuente. Uso básico del navegador web para la búsqueda de información y la descarga de documentos. ,,INFORMATICA,DESCARGAS_ACCESOS_DIRECTOS
ESPECIAL INFORMATICA ,11,Informarica basica,"Gestión de pestañas, marcadores e historial para optimizar el acceso y la recuperación de contenidos necesarios para el desempeño del puesto. ",,INFORMATICA,NAVEGADORES
ESPECIAL INFORMATICA ,11,Informarica basica,Conceptos esenciales de almacenamiento y sincronización de archivos en la nube. ,,INFORMATICA,ALMACENAMIENTO_NUBE
ESPECIAL INFORMATICA ,11,Informarica basica,"Acceso, organización y recuperación de documentos desde OneDrive como apoyo a la gestión diaria y al trabajo colaborativo.",,INFORMATICA,ONEDRIVE
ESPECIAL INFORMATICA ,12,Comunicación y colaboración,Comunicación y colaboración: Interacción digital en el entorno de trabajo,,INFORMATICA,TEAMS
ESPECIAL INFORMATICA ,12,Comunicación y colaboración,"Outlook: redacción, envío y recepción de mensajes; respuesta y reenvío; inserción de archivos adjuntos; uso de la firma básica",,INFORMATICA,OUTLOOK
ESPECIAL INFORMATICA ,12,Comunicación y colaboración,"Calendario de Outlook: creación, modificación y aceptación de citas y reuniones. Chat y llamadas básicas en Teams",,INFORMATICA,CALENDARIO_OUTLOOK
ESPECIAL INFORMATICA ,12,Comunicación y colaboración,"Compartir archivos desde OneDrive/Teams con permisos básicos; participación en equipos y canales (lectura, publicaciones y @menciones).",,INFORMATICA,SHARE_ONEDRIVE
ESPECIAL INFORMATICA ,13,Creación de contenidos digitales,"Creación de contenidos digitales: Procesador de textos (Word): creación, edición y guardado de documentos; aplicación del formato básico de texto y párrafo; inserción de tablas e imágenes sencillas; utilización de plantillas básicas; opciones elementales de impresión. Hojas de cálculo (Excel): conceptos de libro, hoja y celda; introducción y edición de datos; fórmulas sencillas; ordenación y filtrado simple; uso de Excel para listados y controles básicos. Herramientas basadas en inteligencia artificial (nivel de usuario): apoyo en la elaboración de borradores de documentos y textos, con revisión, validación y ajuste por parte de la persona usuaria.",,INFORMATICA,OFIMATICA_WORD
ESPECIAL INFORMATICA ,13,Creación de contenidos digitales,"Hojas de cálculo (Excel): conceptos de libro, hoja y celda; introducción y edición de datos; fórmulas sencillas; ordenación y filtrado simple; uso de Excel para listados y controles básicos.",,INFORMATICA,OFIMATICA_EXCEL
ESPECIAL INFORMATICA ,13,Creación de contenidos digitales,"Herramientas basadas en inteligencia artificial (nivel de usuario): apoyo en la elaboración de borradores de documentos y textos, con revisión, validación y ajuste por parte de la persona usuaria.",,INFORMATICA,INTELIGENCIA_ARTIFICIAL
ESPECIAL INFORMATICA ,14,Seguridad digital,"Orden 19/2013, de 3 de diciembre",16,INFORMATICA,
ESPECIAL INFORMATICA ,14,Seguridad digital,"Orden 19/2013, de 3 de diciembre",17,INFORMATICA,
ESPECIAL INFORMATICA ,14,Seguridad digital,"Orden 19/2013, de 3 de diciembre",18,INFORMATICA,
ESPECIAL INFORMATICA ,14,Seguridad digital,"Orden 19/2013, de 3 de diciembre",19,INFORMATICA,
ESPECIAL INFORMATICA ,14,Seguridad digital,"Orden 19/2013, de 3 de diciembre",20,INFORMATICA,
ESPECIAL INFORMATICA ,14,Seguridad digital,"Orden 19/2013, de 3 de diciembre",21,INFORMATICA,
ESPECIAL INFORMATICA ,14,Seguridad digital,"Orden 19/2013, de 3 de diciembre",22,INFORMATICA,
